Date,Open Price,High Price,Low Price,Close Price,WAP,No.of Shares,No. of Trades,Total Turnover (Rs.),Deliverable Quantity,% Deli. Qty to Traded Qty,Spread High-Low,Spread Close-Open
30-December-2022,822.65,824.50,805.00,806.70,813.264266769336071184,46752,2832,38021731.00,15394,32.93,19.50,-15.95
29-December-2022,805.20,824.40,800.40,819.45,810.609172797241848155,82374,2778,66773120.00,12063,14.64,24.00,14.25
28-December-2022,813.00,814.15,801.60,803.45,806.575111685236019161,37158,1695,29970718.00,13842,37.25,12.55,-9.55
27-December-2022,811.35,819.15,805.00,814.75,812.036584910590958300,53574,3331,43504048.00,22721,42.41,14.15,3.40
26-December-2022,802.65,815.25,801.75,811.20,808.645688113572497354,54802,2829,44315401.00,15450,28.19,13.50,8.55
23-December-2022,806.10,817.65,805.20,808.30,810.488969911969517803,152220,9781,123372631.00,101631,66.77,12.45,2.20
22-December-2022,817.00,824.45,809.40,816.90,818.209981135311267364,58310,2431,47709824.00,22336,38.31,15.05,-0.10
21-December-2022,834.60,834.60,812.45,813.75,820.759852824033683571,52726,3416,43275384.00,20057,38.04,22.15,-20.85
20-December-2022,840.40,840.40,822.00,827.55,826.910359314944089237,109013,3593,90143979.00,77462,71.06,18.40,-12.85
19-December-2022,822.00,844.80,822.00,839.80,837.498861470300345165,97055,3196,81283452.00,20733,21.36,22.80,17.80
16-December-2022,823.05,832.50,819.50,822.05,825.469659311348205625,98976,2537,81701685.00,72708,73.46,13.00,-1.00
15-December-2022,830.00,830.80,824.50,826.10,826.106291541878667097,89819,1551,74200041.00,69725,77.63,6.30,-3.90
14-December-2022,839.00,842.00,828.55,828.90,831.043904203529819590,132698,3594,110277864.00,88436,66.64,13.45,-10.10
13-December-2022,827.35,840.00,823.20,838.10,830.582961688117330140,133640,3022,110999107.00,92867,69.49,16.80,10.75
12-December-2022,831.25,837.00,825.50,827.90,829.325788154751125935,171191,8820,141973111.00,123894,72.37,11.50,-3.35
9-December-2022,830.00,836.20,824.00,835.00,831.991094010391138123,204020,4832,169742823.00,132923,65.15,12.20,5.00
8-December-2022,834.00,840.20,826.40,833.05,836.835037827816153823,267528,8676,223876804.00,202364,75.64,13.80,-0.95
7-December-2022,838.00,841.50,832.00,834.40,837.259311508311639203,68759,3093,57569113.00,44190,64.27,9.50,-3.60
6-December-2022,845.00,845.45,829.75,833.20,837.251705341046798926,233531,3377,195524228.00,196755,84.25,15.70,-11.80
5-December-2022,846.00,850.55,840.80,843.90,844.478547537580254507,52022,3195,43931463.00,23223,44.64,9.75,-2.10
2-December-2022,848.50,852.00,839.45,848.85,844.694293764735197715,52171,1935,44068546.00,21319,40.86,12.55,0.35
1-December-2022,850.00,853.00,841.60,848.00,845.613757578957980288,208307,5911,176147265.00,148400,71.24,11.40,-2.00
30-November-2022,835.00,852.05,832.45,848.65,843.068496986066734740,60718,2894,51189433.00,33855,55.76,19.60,13.65
29-November-2022,838.15,844.85,835.05,835.70,839.134873119011813220,211458,6984,177441782.00,155818,73.69,9.80,-2.45
28-November-2022,838.50,852.50,836.05,837.45,842.320188539639911210,36491,1955,30737106.00,13225,36.24,16.45,-1.05
25-November-2022,850.55,877.10,841.80,846.80,855.801883619239825092,80271,2989,68696073.00,31458,39.19,35.30,-3.75
24-November-2022,851.85,851.85,837.80,848.25,842.529104726428218305,86979,3158,73282339.00,20770,23.88,14.05,-3.60
23-November-2022,852.00,852.00,841.65,842.60,845.729734082819269734,62087,3051,52508822.00,23743,38.24,10.35,-9.40
22-November-2022,854.70,860.20,845.30,847.15,852.278074298091462667,122345,4522,104271961.00,47692,38.98,14.90,-7.55
21-November-2022,837.00,852.50,835.80,851.20,845.069630786562884063,78112,2875,66010079.00,28375,36.33,16.70,14.20
18-November-2022,850.00,851.70,831.10,837.00,836.975587149477652973,318275,8916,266388405.00,,,20.60,-13.00
17-November-2022,844.80,849.20,838.30,846.05,844.482059604603127766,67780,2621,57238994.00,16367,24.15,10.90,1.25
16-November-2022,838.00,843.90,827.95,840.95,834.131615476088204840,221167,4822,184482387.00,136744,61.83,15.95,2.95
15-November-2022,820.20,838.00,820.20,835.10,826.041009987446516626,343331,3225,283605486.00,207569,60.46,17.80,14.90
14-November-2022,817.00,830.45,817.00,821.65,819.739642535006524042,228386,7146,187217058.00,160023,70.07,13.45,4.65
11-November-2022,831.00,836.95,823.85,826.45,830.556809958025763496,96726,3333,80336438.00,35491,36.69,13.10,-4.55
10-November-2022,817.25,830.35,817.25,825.30,824.352851988927938295,128612,3920,106021669.00,40979,31.86,13.10,8.05
9-November-2022,821.10,825.60,814.45,817.65,817.363984625322171129,156361,6373,127803850.00,97955,62.65,11.15,-3.45
7-November-2022,814.80,824.00,809.05,822.75,815.759418202497921489,323549,9292,263938144.00,213763,66.07,14.95,7.95
4-November-2022,813.05,821.05,809.35,816.40,814.349008364872778763,114407,2215,93167227.00,77967,68.15,11.70,3.35
3-November-2022,805.55,824.05,804.50,818.40,817.249177631578947368,179968,9056,147078700.00,104414,58.02,19.55,12.85
2-November-2022,830.00,830.00,807.45,809.90,813.807268999255980152,401871,11488,327045541.00,302560,75.29,22.55,-20.10
1-November-2022,834.50,841.30,821.50,835.35,832.800644975447724582,444358,8085,370061629.00,279139,62.82,19.80,0.85
31-October-2022,820.55,833.70,820.20,832.00,829.154384455999061730,76737,3519,63626820.00,24460,31.88,13.50,11.45
28-October-2022,820.00,824.20,811.50,816.80,817.714174763436940292,63091,3067,51590405.00,21186,33.58,12.70,-3.20
27-October-2022,804.00,822.50,804.00,816.90,816.361498636811880039,275824,6499,225172094.00,160074,58.03,18.50,12.90
25-October-2022,806.05,806.40,798.70,802.25,802.052958457890939078,77608,3418,62245726.00,43349,55.86,7.70,-3.80
24-October-2022,797.60,807.65,797.60,802.30,804.232575626120654751,17289,1468,13904377.00,,,10.05,4.70
21-October-2022,791.80,802.50,789.65,797.40,797.398316945055344517,110038,5243,87744116.00,68617,62.36,12.85,5.60
20-October-2022,781.05,793.80,778.85,792.95,787.109826255384348529,69182,3104,54453832.00,22505,32.53,14.95,11.90
19-October-2022,788.00,788.05,779.40,783.35,783.104644473901408098,79966,4085,62621746.00,31636,39.56,8.65,-4.65
18-October-2022,770.00,785.25,769.25,783.25,782.146548199228635524,90489,4274,70775659.00,41612,45.99,16.00,13.25
17-October-2022,758.55,771.00,758.55,766.00,765.933509168148513209,2936089,4050,2248848951.00,2901647,98.83,12.45,7.45
14-October-2022,777.35,779.65,763.20,766.15,774.208303982816956707,173194,4661,134088233.00,137892,79.62,16.45,-11.20
13-October-2022,775.40,778.70,767.95,768.80,772.127370113144779389,161121,5409,124405934.00,131442,81.58,10.75,-6.60
12-October-2022,778.95,781.10,769.20,775.40,777.658821207263679211,167188,5489,130015223.00,122943,73.54,11.90,-3.55
11-October-2022,796.00,796.70,776.10,780.05,792.240078085220618130,2885053,2781,2285654614.00,2851210,98.83,20.60,-15.95
10-October-2022,787.30,794.75,779.60,792.25,788.571297163593940175,178289,9552,140593588.00,105894,59.39,15.15,4.95
7-October-2022,791.00,796.50,784.85,793.40,792.497014175276780039,270612,12463,214459202.00,177870,65.73,11.65,2.40
6-October-2022,805.25,815.75,785.25,788.20,798.009557859766147137,154114,9570,122984445.00,57325,37.20,30.50,-17.05
4-October-2022,816.75,816.75,807.10,808.70,811.086374896779521056,139265,6925,112955944.00,61811,44.38,9.65,-8.05
3-October-2022,808.50,815.35,797.20,803.45,804.360337270155283369,232929,7733,187358849.00,39461,16.94,18.15,-5.05
30-September-2022,762.55,808.85,761.50,799.75,792.696735113718617852,262490,13920,208074966.00,100423,38.26,47.35,37.20
29-September-2022,761.20,768.65,759.55,765.40,766.734822152132847288,354151,7300,271539904.00,315833,89.18,9.10,4.20
28-September-2022,755.00,771.00,755.00,761.40,765.024313236016381153,270799,6817,207167819.00,219536,81.07,16.00,6.40
27-September-2022,754.00,764.70,754.00,760.60,760.446141707107015218,193907,6035,147455830.00,129746,66.91,10.70,6.60
26-September-2022,767.05,771.35,753.50,755.20,766.924889382504594194,896784,8297,687765970.00,,,17.85,-11.85
23-September-2022,787.20,787.30,768.60,770.95,776.692897033274979531,150233,7001,116684904.00,51369,34.19,18.70,-16.25
22-September-2022,783.35,795.00,776.40,784.20,783.842567190413415517,168402,6029,132000656.00,70793,42.04,18.60,0.85
21-September-2022,792.50,797.00,779.25,780.40,785.398451088233911531,85092,5082,66831125.00,24511,28.81,17.75,-12.10
20-September-2022,783.60,796.60,783.60,790.55,792.177892326885376252,72943,5149,57783832.00,24731,33.90,13.00,6.95
19-September-2022,774.90,786.15,772.30,782.60,779.690298560430916201,2042903,10801,1592831650.00,1973326,96.59,13.85,7.70
16-September-2022,784.85,787.30,776.25,780.00,779.914705916628791851,85809,10248,66923701.00,21529,25.09,11.05,-4.85
15-September-2022,786.20,790.30,782.00,784.80,785.916271117067277540,151477,8326,119048239.00,63029,41.61,8.30,-1.40
14-September-2022,768.00,788.40,768.00,783.45,782.673498259353949856,216299,12946,169291495.00,96081,44.42,20.40,15.45
13-September-2022,773.00,789.00,770.10,784.60,778.080185937023482769,419712,18129,326569591.00,77063,18.36,18.90,11.60
12-September-2022,767.20,771.20,765.05,768.90,768.669148043309405772,191829,16489,147453034.00,24358,12.70,6.15,1.70
9-September-2022,776.00,776.00,763.55,765.55,767.635885524066861023,379713,23527,291481325.00,,,12.45,-10.45
8-September-2022,760.50,776.00,757.10,770.20,768.627934294046370646,539738,15519,414857704.00,110499,20.47,18.90,9.70
7-September-2022,756.50,759.70,736.10,753.05,748.691853029306438646,875712,19258,655638440.00,467445,53.38,23.60,-3.45
6-September-2022,740.00,792.05,740.00,761.30,758.982556369488092353,643788,12136,488623862.00,464080,72.09,52.05,21.30
5-September-2022,735.00,742.00,733.60,740.65,740.285464394819071160,200659,4239,148544941.00,148057,73.79,8.40,5.65
2-September-2022,725.15,740.60,720.05,734.65,735.150219499230148837,436448,11880,320854843.00,,,20.55,9.50
1-September-2022,723.10,745.90,723.10,735.05,735.428144474795157989,1975791,5647,1453052309.00,1786205,90.40,22.80,11.95
30-August-2022,720.90,729.70,712.00,726.50,721.832734718194362175,292063,9264,210820634.00,126627,43.36,17.70,5.60
29-August-2022,710.00,724.95,710.00,720.90,721.335233947254528842,145567,4328,105002606.00,84009,57.71,14.95,10.90
26-August-2022,743.00,743.00,727.90,730.55,732.524803149606299212,104140,6214,76285133.00,17944,17.23,15.10,-12.45
25-August-2022,743.50,768.00,731.60,738.05,745.852675237720062658,753933,22460,562322945.00,160039,21.23,36.40,-5.45
24-August-2022,728.00,792.65,721.10,738.90,735.187749912088947858,1103388,30698,811197341.00,300130,27.20,71.55,10.90
23-August-2022,719.15,742.65,719.15,737.60,732.923937501980794219,94659,4123,69377847.00,18186,19.21,23.50,18.45
22-August-2022,729.00,733.85,724.65,727.50,728.133585140792808434,285668,12320,208004465.00,121667,42.59,9.20,-1.50
19-August-2022,733.25,737.65,726.05,732.35,733.237705300329813105,300170,10368,220095962.00,121149,40.36,11.60,-0.90
18-August-2022,725.00,735.70,721.00,733.25,729.941819930876147312,201667,6408,147205177.00,,,14.70,8.25
17-August-2022,706.00,725.00,702.80,721.75,718.356294152176993300,296418,5260,212933736.00,197524,66.64,22.20,15.75
16-August-2022,711.00,715.70,700.70,703.80,707.024429718919272394,183506,7551,129743225.00,90155,49.13,15.00,-7.20
12-August-2022,709.55,712.20,706.65,709.85,709.710995420526815099,170762,4311,121191669.00,124502,72.91,5.55,0.30
11-August-2022,723.40,723.40,705.85,709.55,713.497797757677517196,461575,6449,329332746.00,352335,76.33,17.55,-13.85
10-August-2022,719.00,719.00,706.00,714.95,711.905534836412951347,330344,9679,235173722.00,132817,40.21,13.00,-4.05
8-August-2022,707.00,709.75,699.10,704.35,705.108520918906005563,259526,3815,182993994.00,171576,66.11,10.65,-2.65
5-August-2022,700.00,710.00,697.20,703.60,704.500920934791057638,118358,5578,83383320.00,32642,27.58,12.80,3.60
4-August-2022,699.00,699.00,681.00,693.95,689.325706149210238749,211393,4744,145718629.00,119667,56.61,18.00,-5.05
3-August-2022,688.80,696.65,687.00,692.95,692.003504541156672073,115279,3240,79773472.00,31660,27.46,9.65,4.15
2-August-2022,699.00,699.45,681.40,686.60,689.168145487202514593,111350,4249,76738873.00,34652,31.12,18.05,-12.40
1-August-2022,679.00,697.30,677.85,694.20,678.335327017359702490,3071366,4330,2083416060.00,2995171,97.52,19.45,15.20
29-July-2022,673.00,680.50,671.00,677.90,674.096269678806532848,135806,3570,91546318.00,88527,65.19,9.50,4.90
28-July-2022,681.00,681.00,664.25,666.80,671.984679994660587951,486945,13550,327219580.00,401310,82.41,16.75,-14.20
27-July-2022,684.00,684.00,669.75,674.80,674.189497354174050130,163654,4355,110333808.00,98875,60.42,14.25,-9.20
26-July-2022,681.00,685.10,670.10,683.80,678.666825073199147670,65233,2598,44271473.00,15272,23.41,15.00,2.80
25-July-2022,678.50,686.55,676.65,678.15,682.540202144840225734,55109,2346,37614108.00,14543,26.39,9.90,-0.35
22-July-2022,682.50,682.50,675.15,678.50,678.546550599122078538,67432,2946,45755751.00,36941,54.78,7.35,-4.00
21-July-2022,669.65,679.25,669.65,678.60,676.691498476770753998,42016,1560,28431870.00,15317,36.46,9.60,8.95
20-July-2022,677.00,678.00,668.05,670.25,672.153937978770297477,419695,8211,282099647.00,266418,63.48,9.95,-6.75
19-July-2022,673.35,675.80,663.40,672.95,671.229521007162747603,392866,11784,263703257.00,207262,52.76,12.40,-0.40
18-July-2022,660.80,669.00,649.35,663.50,651.995283318428658449,3086280,3646,2012240003.00,3012209,97.60,19.65,2.70
15-July-2022,648.20,657.50,643.50,651.65,653.966018136431787038,511567,10017,334547434.00,304318,59.49,14.00,3.45
14-July-2022,648.20,652.10,629.05,642.00,640.487159048833669313,194456,6304,124546571.00,59295,30.49,23.05,-6.20
13-July-2022,685.20,685.20,641.30,643.45,655.419588502332587184,191204,7031,125318847.00,75560,39.52,43.90,-41.75
12-July-2022,663.00,666.95,660.10,662.45,664.024055164343094908,246101,5386,163416984.00,172452,70.07,6.85,-0.55
11-July-2022,676.80,680.60,659.05,660.30,663.718506004040359498,362839,15071,240822959.00,127732,35.20,21.55,-16.50
8-July-2022,686.15,696.50,686.15,695.25,693.034422881091549088,169887,5480,117737539.00,101425,59.70,10.35,9.10
7-July-2022,694.95,696.55,685.55,686.65,690.710552177085867185,102775,4477,70987777.00,39147,38.09,11.00,-8.30
6-July-2022,679.00,694.90,679.00,693.95,691.407243384230831929,73612,3496,50895870.00,27002,36.68,15.90,14.95
5-July-2022,682.90,689.10,681.00,684.30,685.624279771843301516,207226,4689,142079177.00,146224,70.56,8.10,1.40
4-July-2022,674.25,685.05,666.15,681.90,676.112849538630075420,71201,4585,48139911.00,27098,38.06,18.90,7.65
1-July-2022,686.00,686.00,666.05,673.40,672.780071069412062136,284792,4780,191602382.00,220657,77.48,19.95,-12.60
30-June-2022,691.00,691.45,679.35,683.90,683.776930533817850972,184651,5491,126260094.00,95938,51.96,12.10,-7.10
29-June-2022,678.00,689.00,676.20,687.50,682.860204158222622532,53292,2088,36390986.00,11042,20.72,12.80,9.50
28-June-2022,679.05,684.95,676.20,681.00,680.976288244165385017,66971,2569,45605663.00,29956,44.73,8.75,1.95
27-June-2022,677.65,687.00,671.15,684.90,679.484417269284247392,171889,6931,116795897.00,92276,53.68,15.85,7.25
24-June-2022,664.95,675.50,662.95,671.50,671.581026219753484486,136462,6126,91645290.00,51758,37.93,12.55,6.55
23-June-2022,649.95,664.25,647.65,660.50,657.491077701278628635,64053,2365,42114276.00,12735,19.88,16.60,10.55
22-June-2022,642.20,650.15,641.30,642.75,646.651775678751195537,143241,7907,92627047.00,71571,49.97,8.85,0.55
21-June-2022,642.00,658.15,640.75,653.75,651.070549630844954881,129214,8361,84127430.00,48088,37.22,17.40,11.75
20-June-2022,642.00,646.60,634.20,641.50,639.034363290795547108,92075,6083,58839089.00,34892,37.90,12.40,-0.50
17-June-2022,659.70,661.35,638.35,643.85,647.276529519785027048,141041,8079,91292529.00,42848,30.38,23.00,-15.85
16-June-2022,686.00,686.00,650.35,653.95,664.276416472470522764,230008,5197,152788890.00,118480,51.51,35.65,-32.05
15-June-2022,682.95,685.00,673.60,682.00,680.032834943026659135,214223,4668,145678674.00,106632,49.78,11.40,-0.95
14-June-2022,673.80,689.00,671.00,682.15,679.745853228771250503,183878,4466,124990308.00,28742,15.63,18.00,8.35
13-June-2022,665.00,673.00,657.90,671.20,665.901009355646330214,189725,3275,126338069.00,71303,37.58,15.10,6.20
10-June-2022,672.00,676.55,664.50,673.00,673.781613228650379402,113995,3702,76807735.00,42755,37.51,12.05,1.00
9-June-2022,658.00,679.95,655.15,676.50,667.792818605384731650,152171,4503,101618701.00,43813,28.79,24.80,18.50
8-June-2022,685.00,687.40,660.50,663.20,676.526021763202371140,600555,9682,406291085.00,217208,36.17,26.90,-21.80
7-June-2022,678.00,687.30,673.25,685.90,680.203485720553512564,173221,8278,117825528.00,111112,64.14,14.05,7.90
6-June-2022,682.35,689.85,676.60,683.35,684.307446902384556382,147323,2860,100814226.00,108344,73.54,13.25,1.00
3-June-2022,700.45,700.45,685.20,686.40,690.649544676016211907,58969,1990,40726913.00,21630,36.68,15.25,-14.05
2-June-2022,685.00,697.00,683.40,695.90,689.648128648037991896,143399,7976,98894852.00,88482,61.70,13.60,10.90
1-June-2022,698.15,706.00,691.30,694.25,698.860703546715936673,579663,3771,405103692.00,519924,89.69,14.70,-3.90
31-May-2022,695.00,706.30,692.25,701.10,700.723514961604673204,258495,6536,181133525.00,160491,62.09,14.05,6.10
30-May-2022,689.75,703.75,682.90,699.00,697.275676516083809202,379481,6302,264602871.00,287023,75.64,20.85,9.25
27-May-2022,702.05,702.05,676.15,684.75,688.953732158911289611,170183,4480,117248213.00,91315,53.66,25.90,-17.30
26-May-2022,689.00,695.30,676.00,693.35,686.493030914305157244,164584,6288,112985769.00,48369,29.39,19.30,4.35
25-May-2022,677.00,689.85,677.00,688.35,683.789619615032080659,174560,5543,119362316.00,89813,51.45,12.85,11.35
24-May-2022,686.15,688.35,676.15,678.80,680.728698291366906474,53376,2660,36334575.00,11594,21.72,12.20,-7.35
23-May-2022,685.00,693.75,680.00,685.70,688.408736727360813920,74307,2458,51153588.00,11994,16.14,13.75,0.70
20-May-2022,684.15,691.50,683.20,687.70,685.658052803040586398,235744,3659,161639772.00,163083,69.18,8.30,3.55
19-May-2022,686.00,692.55,668.20,673.50,682.419445455207044611,137410,5644,93771256.00,26752,19.47,24.35,-12.50
18-May-2022,725.40,727.55,689.05,696.05,703.433655063084691361,613144,18251,431306125.00,129362,21.10,38.50,-29.35
17-May-2022,699.80,710.00,691.00,707.55,702.638321821023394417,123491,4233,86769509.00,48971,39.66,19.00,7.75
16-May-2022,683.15,697.75,679.85,692.80,689.717912622314977062,101582,2628,70062925.00,26378,25.97,17.90,9.65
13-May-2022,717.90,717.90,685.00,689.40,699.984021460553154662,359357,12306,251544158.00,190697,53.07,32.90,-28.50
12-May-2022,712.60,722.75,702.00,705.75,708.069982219155542581,226086,9825,160084710.00,102749,45.45,20.75,-6.85
11-May-2022,720.00,735.10,717.20,722.90,724.124255839504980990,217527,3379,157516577.00,19976,9.18,17.90,2.90
10-May-2022,706.50,728.40,706.50,719.60,722.075462788972083297,103773,5207,74931937.00,31960,30.80,21.90,13.10
9-May-2022,700.00,720.00,700.00,711.75,712.258200824033972960,189798,5709,135185182.00,74174,39.08,20.00,11.75
6-May-2022,715.00,723.90,707.75,710.40,717.775880316532483586,348653,9562,250254714.00,261745,75.07,16.15,-4.60
5-May-2022,722.10,733.00,714.30,717.55,726.369545175169022741,175716,6317,127634751.00,97753,55.63,18.70,-4.55
4-May-2022,739.10,739.10,716.80,722.60,740.549091467268874452,2872984,8343,2127585691.00,2786649,96.99,22.30,-16.50
2-May-2022,730.55,742.70,730.55,741.45,738.225855182934354928,202559,7851,149534291.00,74414,36.74,12.15,10.90
29-April-2022,750.00,760.80,735.75,739.70,753.408346031267616639,358326,6076,269965799.00,189531,52.89,25.05,-10.30
28-April-2022,751.80,754.00,744.80,747.25,749.082633733435093318,100891,3521,75575696.00,35525,35.21,9.20,-4.55
27-April-2022,751.50,761.35,746.25,753.55,753.717165806691845310,75196,3815,56676516.00,21806,29.00,15.10,2.05
26-April-2022,744.50,758.85,739.25,756.20,749.516149755195499451,217929,6586,163341305.00,99473,45.64,19.60,11.70
25-April-2022,732.00,743.25,730.00,739.45,735.441000467680342327,271553,6285,199711210.00,207147,76.28,13.25,7.45
22-April-2022,734.75,740.75,729.40,738.75,737.248765259528468921,64386,2230,47468499.00,19747,30.67,11.35,4.00
21-April-2022,746.00,746.00,730.00,734.75,739.137342414917418162,261922,9605,193596331.00,83489,31.88,16.00,-11.25
20-April-2022,727.20,744.30,724.50,739.40,738.521034785075165673,155124,3588,114562337.00,55706,35.91,19.80,12.20
19-April-2022,735.30,737.65,717.00,722.55,734.066392440337057154,480868,6858,352989038.00,352519,73.31,20.65,-12.75
18-April-2022,729.10,740.10,723.50,729.80,728.936110275777891776,226124,6244,164829949.00,150682,66.64,16.60,0.70
13-April-2022,743.00,756.50,738.00,740.70,753.225190559463897157,599288,3400,451398818.00,530860,88.58,18.50,-2.30
12-April-2022,762.40,762.40,740.00,741.60,749.495495495495495495,77478,3070,58069412.00,24002,30.98,22.40,-20.80
11-April-2022,755.35,765.15,755.35,757.90,759.924043896615703251,486689,4532,369846673.00,431705,88.70,9.80,2.55
8-April-2022,764.20,768.00,757.75,762.15,762.679934137332561968,112355,5701,85690904.00,43010,38.28,10.25,-2.05
7-April-2022,772.00,777.45,759.65,762.60,766.496509979278001963,55014,2742,42168039.00,18160,33.01,17.80,-9.40
6-April-2022,765.00,780.35,763.05,775.20,773.713593666922667926,118489,4064,91676550.00,28961,24.44,17.30,10.20
5-April-2022,771.00,773.65,761.00,766.25,767.163713678242381289,64906,2566,49793528.00,16980,26.16,12.65,-4.75
4-April-2022,758.60,774.85,756.00,767.65,767.123960526470553640,255057,9585,195660336.00,125432,49.18,18.85,9.05
1-April-2022,757.15,766.60,749.10,758.60,757.628418426776344950,194022,5845,146996581.00,110101,56.75,17.50,1.45
31-March-2022,752.00,759.05,739.60,755.40,748.411016717763891814,128187,4362,95936563.00,30169,23.54,19.45,3.40
30-March-2022,760.00,769.75,744.65,749.40,758.230468265146977080,185301,5564,140500864.00,39049,21.07,25.10,-10.60
29-March-2022,740.20,762.85,737.05,754.55,751.341546894801440921,601282,19262,451768148.00,210367,34.99,25.80,14.35
28-March-2022,714.95,737.50,710.45,733.35,721.217062375264239391,237001,7073,170929165.00,55225,23.30,27.05,18.40
25-March-2022,710.50,714.40,705.80,709.25,710.504402392750869174,163661,6892,116281861.00,84330,51.53,8.60,-1.25
24-March-2022,699.00,708.95,697.35,706.25,704.790123320793791549,181559,4851,127960990.00,124059,68.33,11.60,7.25
23-March-2022,719.90,719.90,703.00,705.05,706.771944393184474380,162570,7407,114899915.00,56175,34.55,16.90,-14.85
22-March-2022,707.20,720.90,706.10,719.25,713.710046581172005290,86945,3875,62053520.00,37950,43.65,14.80,12.05
21-March-2022,702.00,723.00,702.00,709.35,712.845983478728097956,228917,3764,163182564.00,176998,77.32,21.00,7.35
17-March-2022,719.00,727.70,714.70,722.80,723.578656430950494789,228481,8096,165323975.00,115581,50.59,13.00,3.80
16-March-2022,706.00,715.00,705.00,712.60,708.403727011243789767,286825,7330,203187899.00,186601,65.06,10.00,6.60
15-March-2022,700.80,709.45,695.40,703.35,704.149843924478296506,350151,9692,246558772.00,231167,66.02,14.05,2.55
14-March-2022,688.40,704.85,688.40,700.55,699.531757239067688774,128884,5653,90158451.00,70510,54.71,16.45,12.15
11-March-2022,696.05,702.20,691.60,694.80,696.811836938045835531,68244,4212,47553227.00,20285,29.72,10.60,-1.25
10-March-2022,705.30,707.30,690.75,697.55,700.575898190290955403,101287,5124,70959231.00,27718,27.37,16.55,-7.75
9-March-2022,683.00,698.10,674.45,691.45,688.979241275737352374,225062,8599,155063046.00,73193,32.52,23.65,8.45
8-March-2022,675.40,686.80,667.70,682.90,678.698830496258925453,269174,13781,182688079.00,83303,30.95,19.10,7.50
7-March-2022,643.00,679.00,638.90,675.60,661.473340291094922033,389014,12328,257322390.00,65500,16.84,40.10,32.60
4-March-2022,667.95,667.95,650.00,653.00,658.712216607668819412,148028,4830,97507852.00,24015,16.22,17.95,-14.95
3-March-2022,676.10,679.80,668.85,671.80,673.144211857263276201,142360,4750,95828810.00,40300,28.31,10.95,-4.30
2-March-2022,686.25,686.25,666.05,673.90,673.145323049358708239,274602,7104,184847052.00,95078,34.62,20.20,-12.35
28-February-2022,683.00,689.80,666.90,686.25,678.142841034661615136,177372,9406,120283552.00,,,22.90,3.25
25-February-2022,680.00,695.00,677.80,688.45,688.956358351228198816,152744,6482,105233950.00,42032,27.52,17.20,8.45
24-February-2022,689.00,689.00,645.60,670.75,673.413953429944711995,636847,21180,428861656.00,133197,20.92,43.40,-18.25
23-February-2022,698.00,708.90,698.00,704.25,705.355591153216811050,203509,5201,143546211.00,101659,49.95,10.90,6.25
22-February-2022,695.00,701.60,687.70,699.90,693.898167034563692754,286312,9079,198671372.00,125844,43.95,13.90,4.90
21-February-2022,706.00,716.25,702.75,709.80,711.343961441148522559,262041,7662,186401283.00,105004,40.07,13.50,3.80
18-February-2022,708.15,719.40,708.15,712.70,715.650405222455073162,107842,4648,77177171.00,45583,42.27,11.25,4.55
17-February-2022,726.00,727.00,715.10,717.15,720.353922761137296639,157848,13594,113706426.00,76692,48.59,11.90,-8.85
16-February-2022,715.20,728.00,707.70,721.40,719.462982524233684944,203539,6729,146438776.00,47721,23.45,20.30,6.20
15-February-2022,697.00,713.15,687.75,711.35,699.341138061335934260,171221,5953,119741889.00,35585,20.78,25.40,14.35
14-February-2022,708.50,708.50,685.00,688.05,692.820643978063624087,279171,10494,193415432.00,99702,35.71,23.50,-20.45
11-February-2022,718.00,725.20,710.95,714.45,716.415505819712729073,129216,5687,92572346.00,48638,37.64,14.25,-3.55
10-February-2022,725.00,726.80,708.65,723.80,718.632994178739832902,198926,7852,142954787.00,85134,42.80,18.15,-1.20
9-February-2022,709.10,726.00,702.15,719.60,716.482282983991908764,458768,13243,328699144.00,87247,19.02,23.85,10.50
8-February-2022,718.20,718.20,701.00,708.85,707.121912505802002519,241296,9358,170625689.00,69908,28.97,17.20,-9.35
7-February-2022,719.40,719.60,699.55,706.50,709.298579987734113317,190773,9386,135315018.00,57897,30.35,20.05,-12.90
4-February-2022,721.60,723.15,716.55,720.20,719.939591793681767839,94805,3206,68253873.00,36183,38.17,6.60,-1.40
3-February-2022,728.00,728.80,718.55,721.60,723.958207790810287313,74344,2872,53821949.00,18729,25.19,10.25,-6.40
2-February-2022,734.00,734.00,720.80,724.95,725.080722161638192172,82530,3333,59840912.00,19954,24.18,13.20,-9.05
1-February-2022,734.00,735.00,718.30,722.75,727.807173697875575574,278852,14397,202950486.00,129493,46.44,16.70,-11.25
31-January-2022,730.25,734.80,719.40,729.40,727.658991320914479254,377920,13871,274996886.00,159978,42.33,15.40,-0.85
28-January-2022,718.00,752.80,702.00,715.90,719.837267923043876584,579603,16938,417219840.00,84663,14.61,50.80,-2.10
27-January-2022,706.00,715.95,701.60,707.20,708.527361156070288178,250227,11546,177292676.00,82202,32.85,14.35,1.20
25-January-2022,685.00,720.15,684.00,711.90,709.049103869056349183,272728,10024,193377544.00,64450,23.63,36.15,26.90
24-January-2022,694.00,707.15,677.50,689.60,694.745217561915293991,224258,7608,155802173.00,48514,21.63,29.65,-4.40
21-January-2022,712.80,713.70,689.25,695.05,699.523135203391359249,133044,5496,93067356.00,29666,22.30,24.45,-17.75
20-January-2022,702.60,718.90,702.60,715.30,712.145635086344839819,270601,6161,192707321.00,58357,21.57,16.30,12.70
19-January-2022,725.50,725.50,701.75,704.05,707.728986762340715081,80830,3249,57205734.00,22029,27.25,23.75,-21.45
18-January-2022,728.55,730.45,712.90,714.10,720.381985504482166698,83888,2801,60431404.00,17435,20.78,17.55,-14.45
17-January-2022,721.00,734.75,720.00,728.55,728.304430379746835443,197500,12963,143840125.00,84654,42.86,14.75,7.55
14-January-2022,732.00,732.00,718.75,720.70,723.575916585312940666,73752,2344,53365171.00,28792,39.04,13.25,-11.30
13-January-2022,728.55,735.55,727.60,731.55,731.458198693363130291,99339,3781,72662326.00,40604,40.87,7.95,3.00
12-January-2022,709.00,732.35,704.30,730.05,719.845879660025759973,557454,16637,401280965.00,309728,55.56,28.05,21.05
11-January-2022,704.00,709.45,694.80,703.60,701.288358702064896755,211875,5963,148585471.00,57739,27.25,14.65,-0.40
10-January-2022,704.75,711.15,703.50,704.70,706.653422149962863108,170989,7100,120829962.00,71317,41.71,7.65,-0.05
7-January-2022,715.00,715.35,701.75,704.75,707.515705997746149672,119795,4216,84756844.00,35633,29.74,13.60,-10.25
6-January-2022,701.10,720.50,700.20,710.25,711.105097145727012009,653091,18889,464416339.00,227619,34.85,20.30,9.15
5-January-2022,702.90,702.90,691.85,700.05,698.442610906376825115,85748,3422,59890057.00,25693,29.96,11.05,-2.85
4-January-2022,693.00,703.05,690.70,697.20,697.220128084791799915,120389,4765,83937634.00,32040,26.61,12.35,4.20
3-January-2022,684.15,692.50,683.25,691.20,688.802507242639809492,131858,6629,90824121.00,65571,49.73,9.25,7.05
31-December-2021,679.00,694.00,679.00,683.85,686.949827939964780199,247588,6960,170080534.00,141945,57.33,15.00,4.85
30-December-2021,681.35,685.35,674.15,679.60,681.099038233600866944,118116,3595,80448694.00,16292,13.79,11.20,-1.75
29-December-2021,682.35,683.50,675.05,676.65,679.732426666165399400,106397,5238,72321491.00,38672,36.35,8.45,-5.70
28-December-2021,678.00,683.30,675.15,680.05,679.965895121351550700,85413,3050,58077927.00,14617,17.11,8.15,2.05
27-December-2021,674.00,678.25,668.50,675.50,674.907254873626335817,145323,6585,98079547.00,37597,25.87,9.75,1.50
24-December-2021,684.00,684.00,672.95,677.05,677.129031825795644891,74625,2685,50530754.00,12258,16.43,11.05,-6.95
23-December-2021,687.00,689.00,675.45,678.50,680.151396099340535989,142540,6523,96948780.00,39508,27.72,13.55,-8.50
22-December-2021,668.85,685.75,668.50,684.85,680.081695617577732070,266428,8837,181192806.00,96519,36.23,17.25,16.00
21-December-2021,662.50,670.70,659.20,667.05,665.187580846378944584,173941,9146,115703393.00,70480,40.52,11.50,4.55
20-December-2021,656.00,661.20,645.10,658.25,653.427127071305391017,426784,19534,278872243.00,184786,43.30,16.10,2.25
17-December-2021,681.20,683.00,661.30,666.20,669.747762038186747105,307646,14476,206045220.00,134692,43.78,21.70,-15.00
16-December-2021,690.00,690.00,677.50,682.20,682.406788709426929647,103024,3698,70304277.00,33487,32.50,12.50,-7.80
15-December-2021,692.25,694.70,684.00,685.35,687.812912438607499080,277314,8707,190740150.00,141731,51.11,10.70,-6.90
14-December-2021,701.90,706.15,688.45,691.65,696.341625329992769585,297355,5962,207060664.00,187135,62.93,17.70,-10.25
13-December-2021,715.90,718.45,698.45,702.90,707.379098802453891534,102042,3036,72182378.00,26483,25.95,20.00,-13.00
10-December-2021,713.50,718.80,707.05,710.60,710.444758526005715332,420273,7054,298580750.00,349881,83.25,11.75,-2.90
9-December-2021,717.00,723.80,711.10,713.90,715.920735878629384920,230962,6856,165350485.00,112156,48.56,12.70,-3.10
8-December-2021,706.00,718.90,703.40,715.10,706.009121855692926222,731759,9591,516628529.00,518545,70.86,15.50,9.10
7-December-2021,700.50,705.80,694.20,698.95,697.886300764813910779,258102,5803,180125850.00,117200,45.41,11.60,-1.55
6-December-2021,716.60,721.80,693.90,697.10,706.772058486651351227,305574,12865,215971165.00,118515,38.78,27.90,-19.50
3-December-2021,733.00,734.45,716.55,718.35,720.592989682647052540,561772,10533,404808965.00,302099,53.78,17.90,-14.65
2-December-2021,726.90,735.65,714.10,732.15,718.410558309907147116,1467375,8374,1054177693.00,1061472,72.34,21.55,5.25
1-December-2021,732.10,737.40,718.10,721.00,721.867091010370874978,1972929,10451,1424192518.00,1540255,78.07,19.30,-11.10
30-November-2021,738.15,750.15,723.50,728.75,737.591520672740014015,599340,10211,442068102.00,373139,62.26,26.65,-9.40
29-November-2021,746.00,754.60,727.45,739.70,739.547864552441548422,482194,8836,356605543.00,220391,45.71,27.15,-6.30
26-November-2021,764.95,764.95,732.90,737.45,745.899582152055886004,215868,6765,161015851.00,37546,17.39,32.05,-27.50
25-November-2021,760.00,768.60,753.05,764.95,761.515359361345331727,211695,5573,161208994.00,37918,17.91,15.55,4.95
24-November-2021,764.80,781.90,756.00,758.75,770.425022161827190547,719706,19002,554479511.00,180425,25.07,25.90,-6.05
23-November-2021,747.10,760.95,735.80,759.50,750.907298366632487130,386196,9573,289997395.00,82436,21.35,25.15,12.40
22-November-2021,743.00,756.00,733.25,742.05,745.043844323490918618,793877,17874,591473172.00,171332,21.58,22.75,-0.95
18-November-2021,724.80,724.80,708.50,714.20,715.628013404922345140,111004,4243,79437572.00,28463,25.64,16.30,-10.60
17-November-2021,730.30,732.20,716.50,719.85,724.750845866885395881,126793,3130,91893334.00,39437,31.10,15.70,-10.45
16-November-2021,742.70,742.70,726.85,730.00,735.086729084252405835,176446,6344,129703113.00,71359,40.44,15.85,-12.70
15-November-2021,741.00,746.00,736.50,737.60,740.900514820477593860,135387,3192,100308298.00,23934,17.68,9.50,-3.40
12-November-2021,732.00,744.95,730.00,743.30,738.634162383505985816,377058,10888,278507920.00,173563,46.03,14.95,11.30
11-November-2021,735.70,738.55,724.50,728.60,731.613927131882843990,279354,11965,204379277.00,109113,39.06,14.05,-7.10
10-November-2021,718.40,738.00,707.45,735.70,727.397162414932144704,402032,9709,292436936.00,111432,27.72,30.55,17.30
9-November-2021,712.00,716.35,705.30,713.15,710.859630922506810970,213993,6031,152118985.00,80973,37.84,11.05,1.15
8-November-2021,705.55,714.80,704.00,709.00,709.952466302544415244,247719,7175,175868715.00,97933,39.53,10.80,3.45
4-November-2021,705.90,705.90,699.50,701.10,701.721407473995120071,38935,1820,27321523.00,22165,56.93,6.40,-4.80
3-November-2021,726.70,732.50,696.00,699.00,711.411672262899995206,479787,10501,341326072.00,108218,22.56,36.50,-27.70
2-November-2021,715.00,722.90,707.55,712.90,714.935382538253825382,222200,5331,158858642.00,44191,19.89,15.35,-2.10
1-November-2021,689.00,722.70,689.00,712.30,711.989786654561960962,753426,18276,536431617.00,254975,33.84,33.70,23.30
29-October-2021,692.00,700.75,677.60,686.25,691.013148045361265715,196379,6296,135700471.00,61958,31.55,23.15,-5.75
28-October-2021,702.55,706.00,685.00,688.80,695.194167956282903083,279799,9000,194514633.00,92689,33.13,21.00,-13.75
27-October-2021,701.00,714.60,694.50,702.55,706.423568544762091567,244716,5403,172873150.00,80362,32.84,20.10,1.55
26-October-2021,698.80,709.75,689.00,696.15,697.824427270544048692,254003,6249,177249498.00,72562,28.57,20.75,-2.65
25-October-2021,697.00,703.75,675.30,690.75,691.968466721698565971,260455,6548,180226647.00,74229,28.50,28.45,-6.25
22-October-2021,696.00,705.10,684.55,694.45,695.512688727413896414,355473,17921,247235982.00,145892,41.04,20.55,-1.55
21-October-2021,711.45,712.80,689.30,696.40,696.603074628102598102,675724,4775,470711416.00,536781,79.44,23.50,-15.05
20-October-2021,681.10,713.80,681.10,708.45,689.531246323166054057,3399664,13260,2344174555.00,2934420,86.32,32.70,27.35
19-October-2021,698.85,698.85,675.60,681.00,685.994688491232270034,200508,4961,137547423.00,40076,19.99,23.25,-17.85
18-October-2021,698.00,700.60,679.35,680.45,687.987670901391409558,247950,9579,170586543.00,113644,45.83,21.25,-17.55
14-October-2021,690.15,693.80,682.00,686.15,687.801267319964561812,222359,7765,152938802.00,81210,36.52,11.80,-4.00
13-October-2021,690.20,696.50,684.00,690.15,692.504920499850297042,253836,7445,175782679.00,112381,44.27,12.50,-0.05
12-October-2021,691.30,698.40,684.50,686.50,688.905912273930304367,145088,3297,99951981.00,48003,33.09,13.90,-4.80
11-October-2021,695.00,696.05,685.20,690.80,695.058909503049869034,2666344,7315,1853266153.00,2570656,96.41,10.85,-4.20
8-October-2021,696.80,699.25,689.00,695.40,694.894714447404028627,235018,7050,163312766.00,103644,44.10,10.25,-1.40
7-October-2021,698.00,702.20,691.20,692.55,697.537076451712322558,275795,7028,192377238.00,108667,39.40,11.00,-5.45
6-October-2021,706.90,707.95,688.25,691.40,698.217260622745441550,415547,9453,290142088.00,145403,34.99,19.70,-15.50
5-October-2021,682.15,703.35,680.65,699.25,687.870661478307859539,4807686,7997,3307066149.00,4466618,92.91,22.70,17.10
4-October-2021,695.00,695.00,670.00,681.10,680.562580497295789103,401411,4385,273185306.00,259107,64.55,25.00,-13.90
1-October-2021,688.50,688.50,667.90,672.90,674.565780540282094190,627450,7972,423256299.00,367164,58.52,20.60,-15.60
30-September-2021,696.40,709.85,686.70,688.15,697.987368952543311489,368378,6629,257123191.00,87558,23.77,23.15,-8.25
29-September-2021,699.00,702.00,689.45,693.95,695.326137503284251200,1518611,10089,1055929921.00,1207347,79.50,12.55,-5.05
28-September-2021,723.10,726.95,686.05,696.25,700.542019538513669655,835171,26928,585072379.00,301568,36.11,40.90,-26.85
27-September-2021,732.00,732.00,718.20,722.85,724.608884449584691409,285330,7103,206752653.00,63693,22.32,13.80,-9.15
24-September-2021,728.05,752.65,728.00,739.20,745.225361543661953650,1239546,12390,923741116.00,681850,55.01,24.65,11.15
23-September-2021,731.55,740.00,723.40,726.20,727.427789913531111598,2784701,9942,2025668894.00,2470118,88.70,16.60,-5.35
22-September-2021,728.70,732.15,724.25,726.75,728.308092248684620301,305045,6389,222166742.00,131071,42.97,7.90,-1.95
21-September-2021,723.90,740.55,721.75,726.75,730.751230615665434237,321587,5720,235000096.00,93520,29.08,18.80,2.85
20-September-2021,724.50,733.65,720.00,724.75,724.657978369389548718,1603191,10497,1161765149.00,1315430,82.05,13.65,0.25
17-September-2021,720.30,734.75,720.30,728.15,725.246662096476005149,741034,7027,537432435.00,472330,63.74,14.45,7.85
16-September-2021,743.90,743.90,715.15,718.15,727.945064875749847897,3586394,22152,2610697813.00,2904171,80.98,28.75,-25.75
15-September-2021,696.05,734.95,696.05,725.55,720.960030253774675147,1064330,18611,767339389.00,235148,22.09,38.90,29.50
14-September-2021,695.95,699.70,689.10,694.10,694.531131466565282358,452404,11805,314208662.00,153106,33.84,10.60,-1.85
13-September-2021,692.00,697.10,686.00,695.60,692.903983827823494578,734595,14601,509003802.00,314203,42.77,11.10,3.60
9-September-2021,668.00,688.25,668.00,686.30,678.673427581923639693,474985,7963,322359698.00,147570,31.07,20.25,18.30
8-September-2021,679.70,684.00,665.00,667.80,674.495933024256974915,773056,19760,521423128.00,182188,23.57,19.00,-11.90
7-September-2021,655.90,680.65,648.00,670.70,666.990993915318695327,1269253,18233,846580320.00,552354,43.52,32.65,14.80
6-September-2021,663.10,665.65,653.45,654.50,658.692599360438556418,240790,5860,158606591.00,82909,34.43,12.20,-8.60
3-September-2021,669.40,669.40,654.15,658.30,661.293612081197418269,209317,4214,138419995.00,36744,17.55,15.25,-11.10
2-September-2021,670.70,673.75,664.15,666.10,669.148102486377659078,353647,8647,236642219.00,88866,25.13,9.60,-4.60
1-September-2021,668.90,673.00,653.95,666.20,664.450293860471954070,911487,14963,605637805.00,178281,19.56,19.05,-2.70
31-August-2021,629.80,667.95,625.50,663.70,646.763111928768882729,1784501,27264,1154149420.00,194799,10.92,42.45,33.90
30-August-2021,597.75,624.90,591.10,620.35,606.014110407192680075,1075093,22628,651521528.00,395437,36.78,33.80,22.60
27-August-2021,587.00,605.35,585.20,593.95,596.500210154272340832,418740,6749,249778498.00,100994,24.12,20.15,6.95
26-August-2021,610.75,610.90,583.70,586.85,594.651719229830622693,807251,20191,480033195.00,184248,22.82,27.20,-23.90
25-August-2021,624.00,624.00,611.10,612.45,614.541459938656551931,225941,3672,138850112.00,77092,34.12,12.90,-11.55
24-August-2021,627.95,627.95,617.30,619.85,621.516292966954389907,156632,3240,97349340.00,41030,26.20,10.65,-8.10
23-August-2021,619.90,630.40,607.75,622.55,618.658929735366966497,306840,5213,189829306.00,69485,22.65,22.65,2.65
20-August-2021,623.00,632.95,607.20,612.95,622.586716317271430459,295129,5860,183743395.00,51843,17.57,25.75,-10.05
18-August-2021,626.50,634.00,621.00,622.75,626.342643787548824418,171277,3403,107278089.00,33199,19.38,13.00,-3.75
17-August-2021,633.75,637.95,623.30,626.30,629.667695347865450240,229744,4432,144662375.00,46531,20.25,14.65,-7.45
16-August-2021,639.90,644.00,631.70,633.75,637.202061684798872933,434402,10307,276801850.00,106663,24.55,12.30,-6.15
13-August-2021,623.25,638.60,618.15,637.05,630.835795733572471618,1077201,18545,679536950.00,514937,47.80,20.45,13.80
12-August-2021,625.00,629.15,617.05,623.25,622.016004971113798199,297720,7045,185186605.00,62189,20.89,12.10,-1.75
11-August-2021,621.50,628.90,613.60,620.75,620.775013152645849834,691876,15907,429499333.00,244310,35.31,15.30,-0.75
10-August-2021,600.00,627.95,598.80,622.25,618.966664060072394726,1943788,37734,1203139974.00,486485,25.03,29.15,22.25
9-August-2021,611.00,612.80,597.35,599.25,603.831714452174931643,324401,6567,195883612.00,52358,16.14,15.45,-11.75
6-August-2021,596.00,616.85,588.00,607.80,607.595802406886989018,1348630,26502,819421927.00,318222,23.60,28.85,11.80
5-August-2021,578.70,619.20,578.15,598.90,603.991446867787137613,2854276,45523,1723958291.00,294146,10.31,41.05,20.20
4-August-2021,577.00,586.45,570.00,574.20,578.072929419850935412,1489824,20819,861226924.00,818727,54.95,16.45,-2.80
3-August-2021,568.85,582.00,562.15,580.20,575.887062729561967696,623470,11085,359048307.00,129260,20.73,19.85,11.35
2-August-2021,565.05,570.00,559.65,565.05,564.773000211167346716,587212,11257,331641483.00,316045,53.82,10.35,0.00
30-July-2021,568.70,568.70,557.90,561.90,561.973552897031482224,353914,5681,198890308.00,194108,54.85,10.80,-6.80
29-July-2021,574.00,576.20,565.10,566.90,570.843580148317170564,438250,8441,250172199.00,102633,23.42,11.10,-7.10
28-July-2021,543.80,570.50,538.25,567.90,560.797732570734178613,1158669,20129,649778948.00,233660,20.17,32.25,24.10
27-July-2021,544.25,545.65,536.25,540.45,540.814399299238595781,89046,2230,48157359.00,23334,26.20,9.40,-3.80
26-July-2021,545.90,553.60,542.25,543.90,548.204874681243748150,354895,9467,194555169.00,162846,45.89,11.35,-2.00
23-July-2021,549.00,560.50,532.85,548.55,549.146549977339625647,1293006,18981,710049784.00,434721,33.62,27.65,-0.45
22-July-2021,529.20,548.00,523.75,546.50,535.442616437177530140,1034399,16184,553861307.00,451852,43.68,24.25,17.30
20-July-2021,536.40,536.40,523.10,525.85,527.068944827600828550,471667,6802,248601028.00,315712,66.94,13.30,-10.55
19-July-2021,539.50,544.75,529.30,538.30,541.057337139948433644,1626642,9080,880106589.00,1332330,81.91,15.45,-1.20
16-July-2021,526.15,543.25,525.65,541.00,537.765122123137073766,1164767,25423,626371068.00,701818,60.25,17.60,14.85
15-July-2021,533.50,533.50,525.00,525.55,527.711758441299734138,261038,6019,137752822.00,197125,75.52,8.50,-7.95
14-July-2021,530.00,531.35,526.80,530.00,529.418745945504438150,636639,12075,337048621.00,459140,72.12,4.55,0.00
13-July-2021,532.50,535.50,528.25,530.35,531.338324888182236949,269188,5257,143029901.00,165333,61.42,7.25,-2.15
12-July-2021,540.00,540.00,528.50,529.65,535.049767240659842627,1569647,8095,839839262.00,1346176,85.76,11.50,-10.35
9-July-2021,526.50,537.35,522.85,535.95,532.271957198120262572,216626,3469,115303945.00,72925,33.66,14.50,9.45
8-July-2021,531.00,532.65,523.55,525.20,529.021633343198994288,1706255,11033,902645807.00,226890,13.30,9.10,-5.80
7-July-2021,525.00,530.55,523.75,529.60,529.443334173034399753,464451,5708,245900486.00,318684,68.62,6.80,4.60
6-July-2021,524.00,527.80,521.05,525.95,524.424063138640803007,354268,7302,185786664.00,206818,58.38,6.75,1.95
5-July-2021,526.05,528.85,523.40,523.90,525.964239968596044894,736213,17123,387221711.00,535386,72.72,5.45,-2.15
2-July-2021,527.00,532.90,519.90,524.85,526.264259775907636539,1088569,23524,572874959.00,423148,38.87,13.00,-2.15
1-July-2021,527.05,530.95,522.00,522.85,524.467991887208569628,203136,4312,106538330.00,63634,31.33,8.95,-4.20
30-June-2021,528.00,530.35,524.35,525.05,527.340206325229795910,147631,3388,77851762.00,46413,31.44,6.00,-2.95
29-June-2021,531.20,532.25,524.00,524.85,528.518753558078880126,226597,4366,119760764.00,108272,47.78,8.25,-6.35
28-June-2021,537.35,537.35,530.70,531.15,532.918445646827348745,233795,3932,124593668.00,117357,50.20,6.65,-6.20
25-June-2021,530.20,535.80,529.55,535.00,532.529287172264688628,455131,7616,242370587.00,234784,51.59,6.25,4.80
24-June-2021,534.60,535.45,527.50,528.80,531.112318470746531805,754355,17608,400647233.00,555848,73.69,7.95,-5.80
23-June-2021,538.00,539.20,532.70,534.10,536.237370629734894729,921483,8493,494133621.00,689023,74.77,6.50,-3.90
22-June-2021,548.40,562.05,535.45,536.65,541.135389398255106354,702507,9045,380151399.00,448546,63.85,26.60,-11.75
21-June-2021,531.50,541.80,531.50,539.50,539.175020423121263714,785874,11935,423723630.00,461222,58.69,10.30,8.00
18-June-2021,530.05,542.00,518.70,538.90,528.828877368847665267,779704,18214,412329991.00,301416,38.66,23.30,8.85
17-June-2021,538.25,541.30,527.25,528.70,534.312480294648743156,279112,4463,149133025.00,140266,50.25,14.05,-9.55
16-June-2021,542.00,543.50,535.00,536.45,538.093893051053393770,669123,10608,360051000.00,409216,61.16,8.50,-5.55
15-June-2021,544.80,544.80,538.35,542.60,540.277484216749448718,926932,5442,500800489.00,804661,86.81,6.45,-2.20
14-June-2021,540.90,540.90,529.20,539.20,536.653737562064379890,598572,13623,321225901.00,323139,53.98,11.70,-1.70
11-June-2021,549.00,549.85,540.05,540.90,544.022804417105165641,134930,3177,73404997.00,43154,31.98,9.80,-8.10
10-June-2021,543.30,547.60,540.00,545.05,544.909895678398145393,584922,10517,318729786.00,299601,51.22,7.60,1.75
9-June-2021,550.00,552.00,535.20,540.80,542.868645398139273643,1328191,18217,721033249.00,884918,66.63,16.80,-9.20
8-June-2021,539.95,548.00,533.85,546.80,541.887318889772484822,928026,18798,502885521.00,634541,68.38,14.15,6.85
7-June-2021,534.00,541.00,532.85,536.55,537.607562508763216896,763133,14739,410266072.00,378312,49.57,8.15,2.55
4-June-2021,534.80,535.75,531.25,532.70,533.229305799980362092,661985,12196,352989802.00,398176,60.15,4.50,-2.10
3-June-2021,531.85,533.35,528.70,532.10,531.013092193068055483,735782,15452,390709875.00,479872,65.22,4.65,0.25
2-June-2021,530.10,534.50,528.00,529.60,530.544324270708714653,494007,11723,262092610.00,273203,55.30,6.50,-0.50
1-June-2021,538.00,538.00,530.15,532.90,533.446882784058248706,501024,12404,267269691.00,232077,46.32,7.85,-5.10
31-May-2021,525.80,535.80,525.40,534.95,532.479379936915320950,927325,19141,493781441.00,549560,59.26,10.40,9.15
28-May-2021,520.00,528.50,520.00,523.65,524.334381045339384692,567586,13541,297604854.00,224678,39.58,8.50,3.65
27-May-2021,526.00,527.00,518.70,519.95,522.620177399434526543,489855,17858,256008107.00,258985,52.87,8.30,-6.05
26-May-2021,530.00,530.80,524.85,525.80,527.236125648428244441,173882,3789,91676872.00,51653,29.71,5.95,-4.20
25-May-2021,530.00,530.70,524.60,526.10,527.535489727536077106,224727,4009,118551468.00,65706,29.24,6.10,-3.90
24-May-2021,532.50,533.20,526.05,526.75,528.389703852983601776,192033,4158,101468260.00,55979,29.15,7.15,-5.75
21-May-2021,522.00,533.05,522.00,530.90,528.963639471331695545,737173,14242,389937713.00,334441,45.37,11.05,8.90
20-May-2021,528.35,530.75,520.10,520.70,523.954815633647123434,710135,22216,372078653.00,297679,41.92,10.65,-7.65
19-May-2021,539.90,540.85,526.50,528.30,531.621618222390764557,524761,8901,278974292.00,183580,34.98,14.35,-11.60
18-May-2021,547.50,552.85,534.65,536.30,541.131419934517379690,1194210,19461,646224553.00,306389,25.66,18.20,-11.20
17-May-2021,567.90,567.90,546.00,549.55,551.958298492427909887,613503,12404,338628072.00,147707,24.08,21.90,-18.35
14-May-2021,564.00,569.20,556.20,560.55,562.679310910299232714,347589,8115,195581139.00,108889,31.33,13.00,-3.45
12-May-2021,568.00,569.20,558.40,561.80,564.200047011121068327,136138,2483,76809066.00,25915,19.04,10.80,-6.20
11-May-2021,566.80,574.25,564.00,568.20,569.368580417827376509,355027,7019,202141219.00,135413,38.14,10.25,1.40
10-May-2021,572.90,576.80,569.00,572.70,573.586969524454661410,555068,10994,318379772.00,273235,49.23,7.80,-0.20
7-May-2021,558.70,572.70,557.00,568.50,567.958668149002941217,284236,5130,161434300.00,84045,29.57,15.70,9.80
6-May-2021,561.90,564.25,552.60,558.35,558.273980887867424700,239743,4237,133842279.00,37857,15.79,11.65,-3.55
5-May-2021,559.00,565.00,553.60,559.90,562.767699103912896912,795012,5464,447407074.00,549648,69.14,11.40,0.90
4-May-2021,565.00,567.80,546.75,552.10,556.572714754538824703,416848,6065,232006223.00,149989,35.98,21.05,-12.90
3-May-2021,532.00,562.00,529.05,558.70,548.129431611294316112,1010101,23084,553666087.00,522309,51.71,32.95,26.70
30-April-2021,535.50,546.90,533.35,537.30,541.755102786493658340,437898,8449,237233476.00,140240,32.03,13.55,1.80
29-April-2021,547.20,549.95,539.15,541.40,543.128808648448324510,237453,3279,128967565.00,74341,31.31,10.80,-5.80
28-April-2021,536.00,547.95,536.00,544.30,543.030369856971835423,634840,12562,344737400.00,331113,52.16,11.95,8.30
27-April-2021,528.00,538.40,526.95,534.45,533.973582010381540559,211144,3436,112745318.00,26969,12.77,11.45,6.45
26-April-2021,527.55,528.40,523.90,527.55,526.022366038753418852,129795,2121,68275073.00,31203,24.04,4.50,0.00
23-April-2021,533.80,533.80,519.20,521.85,524.728492741590716175,161399,2750,84690654.00,54533,33.79,14.60,-11.95
22-April-2021,530.00,533.00,525.40,530.85,530.057067810086324398,352160,1834,186664897.00,256992,72.98,7.60,0.85
20-April-2021,527.35,537.10,525.90,530.15,532.464118656563841716,161407,2450,85943436.00,26759,16.58,11.20,2.80
19-April-2021,536.00,536.00,523.35,526.45,527.425018421790532829,153351,2839,80881154.00,30532,19.91,12.65,-9.55
16-April-2021,540.00,544.30,538.30,540.55,542.453517423902440630,911363,2796,494372065.00,772887,84.81,6.00,0.55
15-April-2021,539.50,546.15,530.50,539.20,537.800386789884203276,249748,3704,134314571.00,33783,13.53,15.65,-0.30
13-April-2021,523.50,538.40,523.30,536.00,530.315077175452986354,160932,2703,85344666.00,37051,23.02,15.10,12.50
12-April-2021,535.00,539.15,518.70,522.35,527.710998338565662331,784864,20738,414181365.00,355164,45.25,20.45,-12.65
9-April-2021,536.50,549.35,536.50,545.35,543.459579204017515981,329756,4925,179209057.00,59999,18.19,12.85,8.85
8-April-2021,548.80,548.80,540.55,542.95,542.209181887337686968,1436807,4878,779049948.00,1176962,81.92,8.25,-5.85
7-April-2021,538.95,546.90,535.15,541.50,542.073081391688558461,524169,7863,284137905.00,82812,15.80,11.75,2.55
6-April-2021,528.20,537.55,524.75,532.10,532.793720096663801352,308285,4567,164252312.00,82362,26.72,12.80,3.90
5-April-2021,520.00,529.10,514.55,528.20,521.811752190237797246,639200,12203,333542072.00,256310,40.10,14.55,8.20
1-April-2021,519.75,523.90,514.25,520.90,518.779403270239047365,450120,2675,233512985.00,302621,67.23,9.65,1.15
31-March-2021,521.40,525.80,516.05,517.30,521.947085010529683043,300104,2830,156638408.00,113015,37.66,9.75,-4.10
30-March-2021,527.00,527.90,516.40,521.40,521.703184363770465090,233202,3455,121662226.00,44715,19.17,11.50,-5.60
26-March-2021,512.90,524.40,510.65,522.30,518.728148086810005904,555512,10669,288159711.00,189304,34.08,13.75,9.40
25-March-2021,525.00,525.00,499.35,508.00,510.842050068033231191,451985,7316,230892944.00,112639,24.92,25.65,-17.00
24-March-2021,527.40,533.50,521.50,523.60,527.823664835237812733,225871,3366,119220059.00,39788,17.62,12.00,-3.80
23-March-2021,530.80,532.40,522.25,529.20,527.499783817719839610,337678,4026,178125072.00,54917,16.26,10.15,-1.60
22-March-2021,533.35,533.35,523.00,527.90,527.948866456418585518,517801,11368,273372451.00,132080,25.51,10.35,-5.45
19-March-2021,527.70,534.50,525.90,530.25,530.634532424839648774,510442,7037,270858152.00,91400,17.91,8.60,2.55
18-March-2021,528.40,532.00,515.10,526.00,523.637938804983238973,303979,4378,159174937.00,63184,20.79,16.90,-2.40
17-March-2021,530.00,531.05,519.00,522.85,523.192873278512398813,389997,10968,204043651.00,142525,36.55,12.05,-7.15
16-March-2021,524.05,533.65,524.05,529.30,529.924982996544499226,401389,4793,212706059.00,108590,27.05,9.60,5.25
15-March-2021,526.20,527.75,516.70,522.75,521.767913210309571637,288237,3866,150392818.00,67710,23.49,11.05,-3.45
12-March-2021,528.55,532.50,521.55,524.05,527.977007448399137473,653429,14662,344995488.00,249441,38.17,10.95,-4.50
10-March-2021,523.40,530.25,516.20,525.90,523.511401361755151083,449420,5766,235276494.00,54651,12.16,14.05,2.50
9-March-2021,532.00,532.00,514.40,521.65,522.107208136844366651,851829,23344,444746061.00,245436,28.81,17.60,-10.35
8-March-2021,536.85,536.85,524.80,525.70,529.420840167987063600,429795,12095,227542430.00,167293,38.92,12.05,-11.15
5-March-2021,535.00,538.50,524.80,532.40,532.305335285993237129,503928,7023,268243563.00,99724,19.79,13.70,-2.60
4-March-2021,540.90,545.95,537.90,539.45,541.971474618555945806,982844,6072,532673412.00,679249,69.11,8.05,-1.45
3-March-2021,548.25,550.50,540.25,546.25,544.548561336506954623,2007801,24247,1093345146.00,1252254,62.37,10.25,-2.00
2-March-2021,542.95,543.95,529.05,541.25,536.544913380593084529,1775295,33489,952525502.00,428406,24.13,14.90,-1.70
1-March-2021,556.55,559.55,521.10,532.30,533.670947383395733509,2474352,69436,1320489776.00,799350,32.31,38.45,-24.25
26-February-2021,574.85,585.80,551.80,557.10,566.715914861449328886,1386352,23640,785667742.00,264054,19.05,34.00,-17.75
25-February-2021,581.00,584.45,577.00,579.15,577.110172614899434521,1218261,11316,703070816.00,797742,65.48,7.45,-1.85
24-February-2021,569.80,581.40,563.00,573.05,570.056377062117169591,1596660,29769,910186215.00,809458,50.70,18.40,3.25
23-February-2021,574.10,577.00,564.25,565.50,570.994662240120798346,586763,14296,335038541.00,157180,26.79,12.75,-8.60
22-February-2021,581.00,584.90,568.20,570.70,578.199568805025403269,333028,5878,192556646.00,78675,23.62,16.70,-10.30
19-February-2021,591.40,595.95,575.55,580.95,586.771301651252603603,365359,14721,214382176.00,99302,27.18,20.40,-10.45
18-February-2021,596.00,598.00,585.10,589.00,591.417049576783555018,793920,15143,469537824.00,338929,42.69,12.90,-7.00
17-February-2021,593.00,598.80,590.20,594.05,594.272475403041078557,1008458,11856,599298832.00,642325,63.69,8.60,1.05
16-February-2021,595.90,601.50,593.00,594.00,597.595880390632526274,892706,18677,533477428.00,309100,34.62,8.50,-1.90
15-February-2021,594.00,603.00,590.00,593.80,597.796255140399359011,1064606,15283,636417480.00,456391,42.87,13.00,-0.20
12-February-2021,598.00,598.00,584.70,586.55,591.792472677841981020,1164531,17208,689160680.00,606529,52.08,13.30,-11.45
11-February-2021,593.10,603.70,588.60,598.40,598.918131891316413870,616174,8749,369037781.00,181056,29.38,15.10,5.30
10-February-2021,606.10,606.10,580.50,590.10,590.745941076373828033,899130,11617,531157398.00,291666,32.44,25.60,-16.00
9-February-2021,598.00,607.50,595.00,598.80,601.814259614430739724,1209640,21314,727978601.00,424560,35.10,12.50,0.80
8-February-2021,586.00,603.45,584.85,597.35,596.620595361205495641,1353800,21620,807704962.00,436404,32.24,18.60,11.35
5-February-2021,604.95,605.40,576.30,581.25,585.290126342179624481,1183057,17477,692431581.00,603597,51.02,29.10,-23.70
4-February-2021,618.30,623.00,595.95,600.35,607.136994686101223198,2365683,27957,1436293667.00,1164349,49.22,27.05,-17.95
3-February-2021,609.00,622.40,599.55,608.80,612.794430943045699534,1388745,27466,851015202.00,503825,36.28,22.85,-0.20
2-February-2021,582.75,605.50,579.45,599.65,594.560538298598199016,911613,20710,542009116.00,389290,42.70,26.05,16.90
1-February-2021,561.50,581.30,549.55,579.15,565.143994719496754886,425717,8427,240591406.00,78101,18.35,31.75,17.65
29-January-2021,575.30,578.45,550.70,553.20,562.968295944410693345,1203253,20878,677393291.00,517046,42.97,27.75,-22.10
28-January-2021,562.10,575.95,562.10,571.00,569.204212707506082782,1066535,7253,607076215.00,737547,69.15,13.85,8.90
27-January-2021,577.00,581.60,562.30,570.75,574.454328799375567811,625208,14949,359153442.00,220871,35.33,19.30,-6.25
25-January-2021,584.00,585.50,569.60,581.40,580.377055448439223073,428921,6378,248935907.00,157326,36.68,15.90,-2.60
22-January-2021,586.00,586.00,572.90,576.85,580.096409113792811249,401238,5339,232756723.00,126805,31.60,13.10,-9.15
21-January-2021,600.00,604.10,574.55,580.95,590.619252984818994696,761939,16556,450015843.00,220360,28.92,29.55,-19.05
20-January-2021,592.40,602.50,589.10,596.20,596.381836976225075279,600759,11526,358281756.00,215443,35.86,13.40,3.80
19-January-2021,591.40,597.40,586.70,592.50,592.754834030276508152,246792,4025,146287151.00,39225,15.89,10.70,1.10
18-January-2021,603.00,603.50,584.10,586.70,592.903273300848319112,447591,8267,265378169.00,64645,14.44,19.40,-16.30
15-January-2021,608.15,610.00,594.30,602.50,601.487485437017501184,1249744,23095,751705376.00,230691,18.46,15.70,-5.65
14-January-2021,583.90,584.55,570.20,580.20,578.210761856987276747,1293773,12967,748073472.00,756233,58.45,14.35,-3.70
13-January-2021,588.00,601.80,566.70,578.25,586.473688675982065355,3064460,58588,1797225160.00,491261,16.03,35.10,-9.75
12-January-2021,549.90,569.45,545.10,565.75,559.242864418603655848,700959,12067,392006319.00,176077,25.12,24.35,15.85
11-January-2021,542.80,554.40,541.60,547.10,548.776310937189095974,1130775,15044,620542533.00,406249,35.93,12.80,4.30
8-January-2021,548.00,550.00,537.10,540.25,542.090900879682244230,874634,16414,474131133.00,372850,42.63,12.90,-7.75
7-January-2021,531.55,554.40,527.15,545.30,543.769471020568751359,2267177,41177,1232821638.00,859963,37.93,27.25,13.75
6-January-2021,516.15,531.70,513.75,525.60,525.225047562547306834,1173192,12518,616189824.00,384509,32.77,17.95,9.45
5-January-2021,512.00,516.80,510.80,513.90,514.058617822906644932,489561,10902,251663051.00,179263,36.62,6.00,1.90
4-January-2021,516.60,520.40,511.75,517.15,515.929058907586051478,390493,6764,201466686.00,165227,42.31,8.65,0.55
1-January-2021,510.60,516.25,508.25,515.10,511.767064243198248534,263094,4975,134642844.00,41497,15.77,8.00,4.50
31-December-2020,515.95,518.45,506.60,509.30,511.222589851260014487,367218,8045,187730137.00,95310,25.95,11.85,-6.65
30-December-2020,523.00,523.00,513.35,515.95,516.111314906506412941,453614,7839,234115318.00,132052,29.11,9.65,-7.05
29-December-2020,521.95,525.00,515.10,520.25,520.661240170849025363,356338,4591,185531385.00,48296,13.55,9.90,-1.70
28-December-2020,520.00,526.95,516.90,521.55,522.491299863029913590,354822,5024,185391408.00,62156,17.52,10.05,1.55
24-December-2020,519.05,522.95,510.35,517.05,518.101046104589434734,1331798,25334,690005937.00,548153,41.16,12.60,-2.00
23-December-2020,501.50,509.40,498.50,507.35,503.491534350949860653,391110,4769,196920574.00,127750,32.66,10.90,5.85
22-December-2020,492.00,505.00,485.60,500.25,498.806505724417391328,1438487,14831,717526674.00,788912,54.84,19.40,8.25
21-December-2020,510.00,511.25,480.35,490.15,496.654821379942069170,605895,10252,300920673.00,164331,27.12,30.90,-19.85
18-December-2020,514.90,514.90,505.30,510.60,510.221340301548665964,234589,3935,119692314.00,41267,17.59,9.60,-4.30
17-December-2020,518.10,522.60,512.00,514.90,516.899186849516091041,479739,7185,247976699.00,107185,22.34,10.60,-3.20
16-December-2020,504.40,518.35,502.00,516.10,510.514313553682242620,1110451,18841,566901130.00,587718,52.93,16.35,11.70
15-December-2020,507.80,507.80,498.00,504.25,502.579854272695955124,307698,4281,154642816.00,59311,19.28,9.80,-3.55
14-December-2020,507.05,511.80,501.20,502.95,505.089208914739520706,357610,5940,180624952.00,84326,23.58,10.60,-4.10
11-December-2020,508.00,508.25,497.10,504.05,503.775327941276422211,662085,11725,333542088.00,216942,32.77,11.15,-3.95
10-December-2020,503.00,508.70,494.00,505.20,500.652079727669719302,436235,5325,218401960.00,163251,37.42,14.70,2.20
9-December-2020,504.55,506.85,499.15,503.00,502.785265740895655568,358620,4694,180308852.00,69021,19.25,7.70,-1.55
8-December-2020,512.00,516.20,499.65,503.45,505.926882500251107853,587397,7925,297179933.00,129154,21.99,16.55,-8.55
7-December-2020,497.00,510.00,495.40,508.95,503.729548507412476263,1263343,22633,636383199.00,498030,39.42,14.60,11.95
4-December-2020,486.35,497.60,483.35,493.90,491.814280400156512732,1658651,31479,815748248.00,759586,45.80,14.25,7.55
3-December-2020,486.00,488.00,474.20,479.95,483.012547161858166119,1352258,12339,653157581.00,890073,65.82,13.80,-6.05
2-December-2020,483.90,487.85,474.00,484.90,479.627713285844083772,1142434,7738,547943007.00,639785,56.00,13.85,1.00
1-December-2020,464.25,482.20,460.55,479.35,475.419122626454969693,1193152,25836,567247277.00,567857,47.59,21.65,15.10
27-November-2020,469.70,472.65,462.10,463.30,466.892089998792502783,223603,4299,104398472.00,66803,29.88,10.55,-6.40
26-November-2020,475.00,475.00,460.75,468.30,465.588068417952304028,276711,4552,128833340.00,42765,15.45,14.25,-6.70
25-November-2020,476.90,477.90,458.85,463.95,469.280230916790329002,607838,7020,285246357.00,116023,19.09,19.05,-12.95
24-November-2020,480.00,481.35,471.45,474.15,475.066370497243483380,242879,4280,115383645.00,72830,29.99,9.90,-5.85
23-November-2020,487.85,488.00,475.10,477.05,479.574188244965063707,274929,4935,131848852.00,68295,24.84,12.90,-10.80
20-November-2020,470.50,485.55,465.05,483.50,476.801757433742727860,742560,17009,354053913.00,354318,47.72,20.50,13.00
19-November-2020,476.00,481.30,467.10,468.60,473.503913389476261685,571755,13580,270728230.00,197998,34.63,14.20,-7.40
18-November-2020,481.70,484.85,471.00,478.50,477.552904238618524332,538265,14718,257050014.00,191068,35.50,13.85,-3.20
17-November-2020,490.00,494.65,481.50,484.60,487.604441143922185334,343380,6429,167433613.00,101638,29.60,13.15,-5.40
14-November-2020,487.00,487.00,479.45,481.40,482.588933355800825680,237380,8785,114556961.00,134327,56.59,7.55,-5.60
13-November-2020,478.00,478.05,469.85,475.85,477.348498573960666546,967014,5782,461602681.00,813532,84.13,8.20,-2.15
12-November-2020,477.00,483.30,475.10,479.65,480.461551850641873617,373438,4576,179422601.00,152730,40.90,8.20,2.65
11-November-2020,468.70,481.15,464.20,478.35,473.613787881211772171,937635,18779,444076864.00,327844,34.96,16.95,9.65
10-November-2020,474.90,474.90,465.00,466.40,468.292026906882726921,596130,12092,279162926.00,190349,31.93,9.90,-8.50
9-November-2020,459.40,474.75,453.00,471.90,465.294192614566081401,502963,9067,234025763.00,92989,18.49,21.75,12.50
6-November-2020,459.00,460.35,448.85,449.75,453.262601107751532273,403159,9774,182736897.00,125138,31.04,11.50,-9.25
5-November-2020,455.25,461.95,452.45,457.40,457.399405524801614354,183355,3642,83866468.00,46624,25.43,9.50,2.15
4-November-2020,454.00,455.45,447.20,452.70,453.064295642747124771,931665,10575,422104147.00,700335,75.17,8.25,-1.30
3-November-2020,457.10,460.00,447.40,454.55,454.456105077856358354,779384,15798,354195817.00,291829,37.44,12.60,-2.55
2-November-2020,434.90,460.00,434.65,457.55,450.881957078923254671,602408,10375,271614898.00,116424,19.33,25.35,22.65
30-October-2020,453.30,453.30,430.70,433.60,438.566635586334289244,1134694,20154,497638930.00,318836,28.10,22.60,-19.70
29-October-2020,448.80,456.95,445.10,450.80,450.473145499707350164,483513,9308,217809622.00,102411,21.18,11.85,2.00
28-October-2020,446.40,487.80,443.20,451.45,458.854950053039208057,3906544,52155,1792537052.00,1028165,26.32,44.60,5.05
27-October-2020,434.50,438.70,427.55,433.00,433.027566369472907797,540949,12171,234245829.00,173770,32.12,11.15,-1.50
26-October-2020,435.60,439.40,428.05,434.05,433.793826978506393508,318839,5179,138310390.00,62934,19.74,11.35,-1.55
23-October-2020,433.00,437.30,427.30,434.35,433.151755446549923328,826257,19385,357894670.00,319341,38.65,10.00,1.35
22-October-2020,418.85,432.00,417.95,430.65,425.399116253933941571,2264904,21718,963488160.00,1445829,63.84,14.05,11.80
21-October-2020,405.90,420.50,404.00,419.05,413.013415948709285582,497244,8244,205368443.00,80673,16.22,16.50,13.15
20-October-2020,397.30,413.20,397.00,404.85,407.556634304207119741,615528,8957,250862520.00,97654,15.86,16.20,7.55
19-October-2020,404.55,404.55,394.05,397.25,397.947526521525413590,384499,6144,153010426.00,84732,22.04,10.50,-7.30
16-October-2020,403.45,407.05,398.40,401.55,402.197314015656077222,548030,12638,220416194.00,192343,35.10,8.65,-1.90
15-October-2020,413.35,415.40,395.10,399.15,405.692043472947555492,2217563,37152,899647665.00,1125586,50.76,20.30,-14.20
14-October-2020,416.00,419.40,411.40,413.35,415.117192355270400643,506859,12641,210405885.00,134850,26.60,8.00,-2.65
13-October-2020,420.00,427.35,413.25,415.35,420.568933662075743476,1110089,23753,466868947.00,192253,17.32,14.10,-4.65
12-October-2020,431.15,431.15,412.05,415.25,420.791726017665756920,275901,5940,116096858.00,86277,31.27,19.10,-15.90
9-October-2020,427.00,434.95,423.45,425.15,429.049427182465115715,824870,18574,353910001.00,249597,30.26,11.50,-1.85
8-October-2020,426.00,435.25,419.25,424.50,428.334310713542225222,792595,17856,339495633.00,220420,27.81,16.00,-1.50
7-October-2020,427.10,431.60,421.00,422.50,425.098692275456371974,510658,12644,217080048.00,145396,28.47,10.60,-4.60
6-October-2020,428.00,429.50,423.25,426.75,426.429464577908680866,351405,7174,149849446.00,155706,44.31,6.25,-1.25
5-October-2020,432.85,437.50,423.00,424.35,429.391685385035438235,710532,15796,305096533.00,137144,19.30,14.50,-8.50
1-October-2020,427.90,434.45,424.15,432.35,430.177773585380271415,397545,6260,171015023.00,69269,17.42,10.30,4.45
30-September-2020,438.10,440.30,418.25,420.90,432.690781767393530534,1262639,10111,546332256.00,828200,65.59,22.05,-17.20
29-September-2020,446.00,446.00,429.60,435.45,435.835447801435038904,435807,8415,189940139.00,67511,15.49,16.40,-10.55
28-September-2020,446.00,447.60,434.00,443.40,441.825694025597467920,722884,14698,319388725.00,146212,20.23,13.60,-2.60
25-September-2020,429.00,444.95,422.40,439.70,434.992702610411752625,822897,12837,357954190.00,123320,14.99,22.55,10.70
24-September-2020,426.60,433.45,414.95,418.85,426.546785818336499534,1417577,35036,604662913.00,309593,21.84,18.50,-7.75
23-September-2020,470.00,470.00,423.95,433.90,439.977570389092597508,2554302,64922,1123835588.00,954884,37.38,46.05,-36.10
22-September-2020,467.60,478.35,460.60,471.05,470.219787578524706949,772050,17936,363033187.00,214788,27.82,17.75,3.45
21-September-2020,496.40,496.40,461.35,467.85,476.601506946817269970,1021403,28735,486802209.00,316740,31.01,35.05,-28.55
18-September-2020,483.00,497.85,475.60,496.70,492.280075214580569622,1200831,9724,591145175.00,718925,59.87,22.25,13.70
17-September-2020,481.00,485.00,474.10,478.85,478.053323130960045573,296663,5307,141820733.00,50558,17.04,10.90,-2.15
16-September-2020,487.70,490.50,480.45,481.65,484.803234673261378552,486046,12220,235636673.00,141442,29.10,10.05,-6.05
15-September-2020,474.65,487.50,470.05,485.70,479.826400215328616781,1122006,23657,538368100.00,306392,27.31,17.45,11.05
14-September-2020,495.90,498.00,468.50,474.65,480.456877742014298309,1882740,47194,904575382.00,680196,36.13,29.50,-21.25
11-September-2020,498.00,502.55,488.75,491.65,494.237638753313004505,661786,17990,327079550.00,246170,37.20,13.80,-6.35
10-September-2020,508.80,508.80,491.30,497.55,502.015776042352184150,1094064,19229,549237388.00,571101,52.20,17.50,-11.25
9-September-2020,494.40,506.70,491.50,504.50,499.295936822807903647,1015683,12335,507126395.00,571997,56.32,15.20,10.10
8-September-2020,516.80,516.80,494.00,497.90,507.531901721135591059,1043439,14224,529578580.00,561273,53.79,22.80,-18.90
7-September-2020,526.35,527.10,510.20,515.20,516.828356729219521371,393374,7133,203306838.00,123283,31.34,16.90,-11.15
4-September-2020,530.10,537.30,519.60,523.10,529.217506741276266407,651212,18884,344632791.00,222750,34.21,17.70,-7.00
3-September-2020,550.80,552.80,535.70,538.15,542.759559713536413153,396560,7208,215236731.00,87328,22.02,17.10,-12.65
2-September-2020,552.00,558.95,545.40,550.45,552.055081978596452361,1209706,24103,667824345.00,336539,27.82,13.55,-1.55
1-September-2020,517.00,555.05,514.05,546.75,539.492534761744667956,3316505,58949,1789229689.00,1078139,32.51,41.00,29.75
31-August-2020,520.00,522.05,508.75,513.95,514.817005221902324183,1314655,24949,676806750.00,366701,27.89,13.30,-6.05
28-August-2020,513.80,529.50,511.55,523.55,522.798242689616299371,581912,8266,304222571.00,102146,17.55,17.95,9.75
27-August-2020,514.80,518.40,508.80,511.00,513.157431273112589234,656839,14174,337061814.00,179689,27.36,9.60,-3.80
26-August-2020,527.00,527.00,512.45,514.55,516.076185135315936451,702578,8811,362583774.00,223785,31.85,14.55,-12.45
25-August-2020,533.00,536.00,526.00,528.60,529.840848584125724779,584833,11525,309868413.00,199347,34.09,10.00,-4.40
24-August-2020,520.00,532.30,508.50,527.20,518.264592894495296960,593765,9251,307727376.00,107814,18.16,23.80,7.20
21-August-2020,529.00,529.40,517.60,520.00,522.859502634127543492,788876,9958,412471313.00,469122,59.47,11.80,-9.00
20-August-2020,530.05,533.55,523.10,525.50,528.291697809708671643,1055613,13258,557671584.00,640828,60.71,10.45,-4.55
19-August-2020,529.40,539.80,527.20,536.10,532.108039120084894025,1080877,13782,575143341.00,517438,47.87,12.60,6.70
18-August-2020,527.00,528.95,520.10,526.80,524.013893221310908924,535369,5950,280540794.00,222007,41.47,8.85,-0.20
17-August-2020,533.00,533.00,518.10,521.40,523.242807441425885699,971803,19445,508488930.00,378722,38.97,14.90,-11.60
14-August-2020,542.55,542.55,525.10,528.90,533.916101358590043860,972626,19634,519300682.00,435345,44.76,17.45,-13.65
13-August-2020,537.90,548.15,523.95,535.65,537.655491865924227535,1282260,30595,689414131.00,351762,27.43,24.20,-2.25
12-August-2020,551.25,560.80,545.65,548.55,554.193060121317116694,845058,14867,468325279.00,394727,46.71,15.15,-2.70
11-August-2020,560.80,560.80,550.30,551.25,552.643906790523181072,523509,3444,289314059.00,379706,72.53,10.50,-9.55
10-August-2020,562.50,565.05,555.00,558.35,561.100943160697938916,720980,8273,404542558.00,469525,65.12,10.05,-4.15
7-August-2020,553.50,563.00,552.00,560.60,558.438516854685954707,298285,6631,166573833.00,126464,42.40,11.00,7.10
6-August-2020,562.50,562.50,553.00,555.50,557.113715971145209464,321749,3579,179250781.00,105729,32.86,9.50,-7.00
5-August-2020,550.20,560.30,546.60,558.85,554.476878411131841880,344094,5350,190792167.00,69559,20.22,13.70,8.65
4-August-2020,548.00,553.05,545.00,548.80,548.825043559601721962,303607,4461,166627125.00,122349,40.30,8.05,0.80
3-August-2020,551.55,556.05,546.50,547.25,551.103487948831283637,307688,7495,169567930.00,107133,34.82,9.55,-4.30
31-July-2020,551.10,559.00,546.45,554.85,555.187626039321427962,528109,8729,293199582.00,153157,29.00,12.55,3.75
30-July-2020,577.00,579.00,543.40,552.85,562.321003294932390923,1961497,31401,1102990961.00,391950,19.98,35.60,-24.15
29-July-2020,566.00,569.15,560.45,566.35,565.102673967388763451,727234,11792,410961878.00,368439,50.66,8.70,0.35
28-July-2020,560.80,573.60,555.05,564.65,564.904755329659211293,420055,5616,237291067.00,110940,26.41,18.55,3.85
27-July-2020,558.00,563.50,544.25,559.30,555.017998871480556691,591926,12186,328529584.00,145065,24.51,19.25,1.30
24-July-2020,565.00,567.05,555.40,559.80,561.183761539114717905,329748,6454,185049223.00,122950,37.29,11.65,-5.20
23-July-2020,570.00,575.65,564.25,567.10,570.409696010692964254,870853,10323,496742995.00,447388,51.37,11.40,-2.90
22-July-2020,568.00,575.45,563.00,569.50,570.123123559896810147,653165,9167,372384470.00,341863,52.34,12.45,1.50
21-July-2020,578.50,583.80,566.45,567.75,571.860433057038493958,455552,6933,260512164.00,185297,40.68,17.35,-10.75
20-July-2020,569.00,582.55,567.55,575.75,573.722769509774144844,908724,14284,521355650.00,452551,49.80,15.00,6.75
17-July-2020,563.95,573.80,562.05,567.35,568.303880231546615402,465565,6286,264582396.00,90710,19.48,11.75,3.40
16-July-2020,565.00,567.35,553.50,562.60,561.293941801584922775,630567,12010,353933437.00,199234,31.60,13.85,-2.40
15-July-2020,589.80,589.80,559.70,564.15,574.369442694514313917,652407,11308,374722645.00,144871,22.21,30.10,-25.65
14-July-2020,586.00,596.60,578.70,589.10,589.795064070344969221,1110186,15070,654782223.00,178874,16.11,17.90,3.10
13-July-2020,575.00,589.10,570.00,586.75,580.453680882663279567,502298,7611,291560723.00,110415,21.98,19.10,11.75
10-July-2020,567.65,578.85,566.00,574.70,572.306139063534569939,3230509,15053,1848840133.00,208720,6.46,12.85,7.05
9-July-2020,563.00,570.25,560.50,568.85,565.227600367639869370,255685,4148,144520219.00,50318,19.68,9.75,5.85
8-July-2020,572.90,573.60,559.30,561.25,566.289859682255686430,301815,5456,170914774.00,76068,25.20,14.30,-11.65
7-July-2020,579.00,582.50,566.00,567.15,572.804272298525904153,314023,6768,179873716.00,90051,28.68,16.50,-11.85
6-July-2020,588.90,589.40,574.95,576.50,581.156871072117478688,642840,9864,373590883.00,125877,19.58,14.45,-12.40
3-July-2020,560.75,582.95,560.75,581.10,574.428672745030994422,1222478,23722,702226415.00,521387,42.65,22.20,20.35
2-July-2020,565.70,566.70,557.50,558.50,561.012928525898622620,216498,4127,121458177.00,63515,29.34,9.20,-7.20
1-July-2020,574.00,574.00,558.15,559.80,564.154765268526315494,357451,5965,201657685.00,73899,20.67,15.85,-14.20
30-June-2020,573.00,576.95,557.85,559.65,568.241019120779385371,489206,9557,277986916.00,135830,27.77,19.10,-13.35
29-June-2020,560.30,568.80,551.20,567.25,560.972388738169318646,276083,4837,154874940.00,48417,17.54,17.60,6.95
26-June-2020,560.00,566.30,557.75,560.30,562.044143288642813839,372786,7043,209522188.00,99086,26.58,8.55,0.30
25-June-2020,550.05,563.50,550.00,559.30,556.352942637625941756,523357,9923,291171207.00,94788,18.11,13.50,9.25
24-June-2020,584.90,584.90,555.00,557.45,567.540675985753902895,355185,6932,201581935.00,93715,26.38,29.90,-27.45
23-June-2020,582.20,584.55,574.75,578.45,579.521972616217102566,268334,4489,155505449.00,61720,23.00,9.80,-3.75
22-June-2020,576.00,587.90,570.40,580.55,579.514666512847831324,589438,7780,341587966.00,104836,17.79,17.50,4.55
19-June-2020,563.00,577.95,561.35,571.45,568.097538459687992398,332556,5871,188924245.00,89622,26.95,16.60,8.45
18-June-2020,561.60,572.85,558.15,560.80,565.174519412975030063,762557,13920,430977786.00,186529,24.46,14.70,-0.80
17-June-2020,547.80,565.40,541.75,563.50,558.634323407078516930,470268,7684,262707846.00,73089,15.54,23.65,15.70
16-June-2020,556.00,559.30,537.00,544.80,547.741614667203435319,596160,15863,326541641.00,141040,23.66,22.30,-11.20
15-June-2020,557.95,563.70,549.15,550.85,555.291158761296760366,440945,8372,244852860.00,122664,27.82,14.55,-7.10
12-June-2020,544.00,562.00,540.00,559.90,555.304199179660091075,637053,12937,353758206.00,110227,17.30,22.00,15.90
11-June-2020,571.95,573.70,546.75,551.60,562.453135954118665290,900061,17208,506242132.00,156542,17.39,26.95,-20.35
10-June-2020,570.05,576.00,563.30,567.25,569.361368141368984859,474220,9944,270002548.00,86579,18.26,12.70,-2.80
9-June-2020,580.00,591.75,566.00,567.60,580.367253046411931590,462101,9085,268188288.00,97148,21.02,25.75,-12.40
8-June-2020,589.95,593.70,579.55,584.75,585.090578206962327134,838800,12453,490773977.00,153796,18.34,14.15,-5.20
5-June-2020,590.00,590.00,567.70,584.90,579.089014264297498709,1513499,29051,876450644.00,412418,27.25,22.30,-5.10
4-June-2020,553.55,585.00,549.80,573.15,562.272884291691674316,818083,15664,459985888.00,263990,32.27,35.20,19.60
3-June-2020,566.50,567.60,549.70,551.70,554.834577364546490491,507222,9265,281424304.00,135165,26.65,17.90,-14.80
2-June-2020,563.10,572.10,556.25,558.00,564.098842964872121740,863673,18414,487196940.00,353114,40.89,15.85,-5.10
1-June-2020,560.00,561.60,550.20,559.05,556.250805168067121908,800454,14461,445253182.00,191305,23.90,11.40,-0.95
29-May-2020,557.00,564.00,544.00,552.40,552.584572209484260143,4877808,20966,2695401447.00,473933,9.72,20.00,-4.60
28-May-2020,565.50,567.90,556.20,562.70,561.505244486462547413,435791,6524,244698932.00,82939,19.03,11.70,-2.80
27-May-2020,561.05,565.40,554.00,563.00,559.928500914183572734,684764,12937,383418880.00,171259,25.01,11.40,1.95
26-May-2020,573.50,576.00,557.65,559.15,563.279561955548495883,172648871,103066,97249580429.00,150104807,86.94,18.35,-14.35
22-May-2020,595.50,597.20,587.10,593.00,592.302575832338764368,411401,5680,243673872.00,61163,14.87,10.10,-2.50
21-May-2020,590.10,604.65,585.30,594.25,595.726494315190010439,545049,8553,324700130.00,51018,9.36,19.35,4.15
20-May-2020,604.00,611.70,588.65,594.05,598.317065321678519189,1168387,19277,699065881.00,126677,10.84,23.05,-9.95
19-May-2020,559.00,603.00,556.70,599.15,586.425530987331743048,2110314,30900,1237542008.00,228204,10.81,46.30,40.15
18-May-2020,558.00,559.15,535.05,538.15,548.795247114862056839,500496,8352,274669826.00,81267,16.24,24.10,-19.85
15-May-2020,547.70,557.00,540.00,554.10,550.307399656909501720,275729,4498,151735709.00,23123,8.39,17.00,6.40
14-May-2020,551.50,562.55,535.05,539.65,547.103760519867902418,309771,7652,169476879.00,54141,17.48,27.50,-11.85
13-May-2020,569.85,569.85,549.40,555.75,556.891476877218938139,458271,9491,255207214.00,93993,20.51,20.45,-14.10
12-May-2020,535.00,563.70,531.00,559.65,549.550731436928799682,598958,10062,329157807.00,68684,11.47,32.70,24.65
11-May-2020,535.00,548.40,533.00,536.10,541.797150301485715912,280942,5529,152213575.00,42379,15.08,15.40,1.10
8-May-2020,539.85,545.85,528.50,530.00,538.763347860310634131,312522,5730,168375399.00,29910,9.57,17.35,-9.85
7-May-2020,546.80,546.80,524.60,527.80,533.419596391988992508,327050,5634,174454879.00,80800,24.71,22.20,-19.00
6-May-2020,533.00,551.35,530.80,546.05,541.604827878507656571,726696,12042,393582062.00,73117,10.06,20.55,13.05
5-May-2020,539.95,553.50,526.05,527.85,542.884625127089906697,856677,14627,465076772.00,59413,6.94,27.45,-12.10
4-May-2020,510.00,540.05,499.00,532.30,524.559698387189347414,975688,16297,511806603.00,112331,11.51,41.05,22.30
30-April-2020,503.70,515.80,495.65,514.35,505.108039651884246680,434683,7993,219561878.00,113007,26.00,20.15,10.65
29-April-2020,493.80,498.40,487.55,496.25,492.496399695517106589,194428,4863,95755090.00,38236,19.67,10.85,2.45
28-April-2020,497.00,497.00,484.05,485.70,490.290148785311760958,1348453,4518,661133222.00,1157634,85.85,12.95,-11.30
27-April-2020,499.50,502.00,491.70,494.55,498.521252624192015349,337723,4537,168362093.00,192049,56.87,10.30,-4.95
24-April-2020,494.05,499.00,484.75,494.35,491.689613539194882033,191326,3640,94073007.00,19893,10.40,14.25,0.30
23-April-2020,503.40,507.10,491.15,495.65,499.801557070036342237,502996,3807,251398184.00,28134,5.59,15.95,-7.75
22-April-2020,512.55,516.00,492.30,501.25,503.421580105058549702,359609,7259,181034931.00,45365,12.62,23.70,-11.30
21-April-2020,480.00,503.90,479.00,500.85,490.671597014253523662,377661,10697,185307526.00,121419,32.15,24.90,20.85
20-April-2020,506.65,507.00,487.25,490.40,490.914683003860100596,478744,4769,235022459.00,245763,51.33,19.75,-16.25
17-April-2020,513.00,513.00,498.40,502.25,504.080591048844344313,306709,5990,154606054.00,79520,25.93,14.60,-10.75
16-April-2020,505.00,512.90,496.95,500.45,506.884102289667826153,340093,7933,172387735.00,117862,34.66,15.95,-4.55
15-April-2020,530.00,536.00,505.10,509.95,523.902119171726744762,816687,20038,427864050.00,321292,39.34,30.90,-20.05
13-April-2020,491.00,520.80,491.00,511.75,507.620470525183008009,940396,15222,477364260.00,123961,13.18,29.80,20.75
9-April-2020,468.00,492.00,468.00,489.05,481.109571943192030293,260386,6063,125274197.00,24197,9.29,24.00,21.05
8-April-2020,470.50,490.95,453.30,461.60,467.905949251243070573,343102,7555,160539467.00,27420,7.99,37.65,-8.90
7-April-2020,432.00,473.40,432.00,470.05,458.623256973734818803,613588,13923,281405727.00,192036,31.30,41.40,38.05
3-April-2020,423.00,429.65,415.70,423.95,423.082674143144467892,363451,7922,153769821.00,63077,17.36,13.95,0.95
1-April-2020,443.00,443.00,412.60,421.10,424.117727960978026648,468249,7491,198592702.00,82642,17.65,30.40,-21.90
31-March-2020,438.00,447.00,424.10,440.60,438.328298699773714828,3585299,10138,1571538011.00,808133,22.54,22.90,2.60
30-March-2020,448.00,449.25,427.45,429.25,432.190612467417887527,720871,5594,311553679.00,540758,75.01,21.80,-18.75
27-March-2020,475.00,475.00,437.45,448.90,449.926602894301679014,1177417,11150,529751231.00,865364,73.50,37.55,-26.10
26-March-2020,434.00,494.05,420.60,478.00,454.379967561705614118,418641,9661,190222084.00,70283,16.79,73.45,44.00
25-March-2020,400.00,437.80,400.00,429.75,423.808919207032874577,209189,6086,88656164.00,28621,13.68,37.80,29.75
24-March-2020,414.00,435.55,400.70,404.05,411.774316918927373114,338869,6203,139537551.00,94751,27.96,34.85,-9.95
23-March-2020,420.00,470.00,399.65,405.80,423.709839607056626499,361986,10005,153377030.00,119446,33.00,70.35,-14.20
20-March-2020,449.90,472.15,437.00,461.90,454.328163657311464155,547681,13809,248826903.00,77397,14.13,35.15,12.00
19-March-2020,410.20,451.35,381.05,444.90,431.479784024325433397,1189208,33106,513119211.00,542116,45.59,70.30,34.70
18-March-2020,460.00,478.40,409.30,426.20,452.723899207475478494,1518565,20811,687490668.00,722904,47.60,69.10,-33.80
17-March-2020,464.65,480.70,444.40,454.10,468.824537855218153839,595268,18973,279076245.00,211652,35.56,36.30,-10.55
16-March-2020,480.70,492.60,456.60,464.65,471.557198832784320803,531864,14823,250804298.00,134905,25.36,36.00,-16.05
13-March-2020,432.00,511.40,419.00,494.20,476.328747900299435558,575082,11159,273928089.00,99643,17.33,92.40,62.20
12-March-2020,483.00,483.00,459.45,464.95,470.264640577603290995,452629,9370,212855414.00,86600,19.13,23.55,-18.05
11-March-2020,494.45,508.50,488.15,493.70,500.812731686205144609,478287,13474,239532219.00,149522,31.26,20.35,-0.75
9-March-2020,514.90,514.90,491.20,496.25,500.362269486721686039,320372,9090,160302061.00,70069,21.87,23.70,-18.65
6-March-2020,525.00,525.00,511.80,519.15,518.114629757785467128,216750,3311,112301346.00,47304,21.82,13.20,-5.85
5-March-2020,521.00,531.00,516.75,527.20,525.017245744567899650,857081,5514,449982306.00,567398,66.20,14.25,6.20
4-March-2020,523.85,532.70,507.75,516.70,520.168392384251415088,318708,4599,165781828.00,27458,8.62,24.95,-7.15
3-March-2020,524.90,533.00,514.50,521.20,523.169247117702846304,262551,3780,137358609.00,34285,13.06,18.50,-3.70
2-March-2020,534.15,535.95,512.20,518.55,528.108649909731227909,314616,4837,166151431.00,42314,13.45,23.75,-15.60
28-February-2020,528.00,528.00,513.50,524.05,521.468517877781785790,271678,5541,141671524.00,37260,13.71,14.50,-3.95
27-February-2020,535.00,536.00,526.85,531.80,530.540992974768225682,1097188,14738,582103211.00,108983,9.93,9.15,-3.20
26-February-2020,535.00,539.50,520.45,536.45,528.776810729917972837,533238,5420,281963889.00,288818,54.16,19.05,1.45
25-February-2020,531.00,537.55,530.85,535.35,533.970231092436974789,142800,4199,76250949.00,23160,16.22,6.70,4.35
24-February-2020,543.90,543.90,527.05,529.80,534.330039867353300189,190883,3345,101994521.00,31187,16.34,16.85,-14.10
20-February-2020,542.00,552.00,538.50,545.50,545.639543565150657531,287971,5087,157128365.00,32247,11.20,13.50,3.50
19-February-2020,549.90,553.35,539.20,543.35,546.548428829781027909,291407,4792,159268038.00,44237,15.18,14.15,-6.55
18-February-2020,564.00,568.60,537.65,547.75,557.002997231291606302,1172749,8686,653224708.00,604039,51.51,30.95,-16.25
17-February-2020,564.25,568.60,556.70,565.00,563.477675947924966380,554738,8231,312582479.00,74794,13.48,11.90,0.75
14-February-2020,543.60,567.40,534.50,565.10,555.229897489835324406,1274020,17985,707373994.00,115521,9.07,32.90,21.50
13-February-2020,545.00,545.00,532.00,539.80,536.693014413017386963,94151,3150,50530184.00,30463,32.36,13.00,-5.20
12-February-2020,535.05,542.10,535.00,539.55,539.770971720684172202,67293,1877,36322808.00,10170,15.11,7.10,4.50
11-February-2020,538.60,544.85,532.85,534.45,539.169289604820952601,172580,5872,93049836.00,20497,11.88,12.00,-4.15
10-February-2020,540.00,543.75,536.45,538.50,539.086034559762472400,158971,4546,85699046.00,22052,13.87,7.30,-1.50
7-February-2020,548.20,548.60,538.25,539.60,541.833382160387906036,167257,2830,90625426.00,26225,15.68,10.35,-8.60
6-February-2020,533.60,552.85,533.60,546.75,545.883741039360380633,474157,6705,258834597.00,70025,14.77,19.25,13.15
5-February-2020,519.10,537.75,515.65,533.50,526.577009709526561343,1083266,10765,570422971.00,431286,39.81,22.10,14.40
4-February-2020,515.45,522.80,503.90,519.10,512.399917931883463274,316810,5578,162333418.00,30912,9.76,18.90,3.65
3-February-2020,495.55,513.20,495.50,510.30,504.706214086768875617,318824,6957,160912454.00,43808,13.74,17.70,14.75
1-February-2020,497.80,501.05,483.70,497.35,494.136769923430050943,226329,4290,111837481.00,15187,6.71,17.35,-0.45
31-January-2020,487.05,499.15,486.80,496.70,494.023856680468692883,300922,6629,148662647.00,42952,14.27,12.35,9.65
30-January-2020,495.00,495.00,480.10,489.55,486.953704358680952876,240325,5190,117027149.00,35314,14.69,14.90,-5.45
29-January-2020,493.00,501.45,488.50,490.05,493.836144406222846464,420065,8038,207443280.00,65940,15.70,12.95,-2.95
28-January-2020,515.30,515.30,485.95,490.90,491.350189611454612586,1960852,19435,963465002.00,1263569,64.44,29.35,-24.40
27-January-2020,522.40,524.00,511.55,514.30,518.270097571588760020,298755,11020,154835783.00,67839,22.71,12.45,-8.10
24-January-2020,520.10,527.20,514.20,524.05,520.409060974225048257,396315,18096,206245917.00,109185,27.55,13.00,3.95
23-January-2020,516.00,526.00,512.60,523.60,521.773411085846450107,588877,5286,307260361.00,321192,54.54,13.40,7.60
22-January-2020,515.00,524.00,507.15,514.35,513.401762559590119202,443446,6967,227665958.00,75172,16.95,16.85,-0.65
21-January-2020,509.10,515.00,504.40,511.35,509.607306813046598793,1504760,14648,766836691.00,1072079,71.25,10.60,2.25
20-January-2020,501.90,512.70,494.05,509.25,504.985426229234074928,956856,20996,483198335.00,343333,35.88,18.65,7.35
17-January-2020,470.10,503.60,470.10,500.00,496.418355306005264192,1297445,24181,644075513.00,207141,15.97,33.50,29.90
16-January-2020,468.55,476.75,468.55,474.05,472.989470800647490972,401550,8899,189928922.00,158993,39.59,8.20,5.50
15-January-2020,468.00,471.85,465.00,467.75,468.169298510927136014,142169,2394,66559161.00,35583,25.03,6.85,-0.25
14-January-2020,467.00,472.60,467.00,469.45,469.999458708341423781,2765607,7144,1299833793.00,2474117,89.46,5.60,2.45
13-January-2020,456.30,470.25,454.40,468.85,463.536092048727427788,276723,3905,128271098.00,68501,24.75,15.85,12.55
10-January-2020,465.85,465.90,454.20,457.20,460.939103691789600663,636656,10521,293459646.00,178189,27.99,11.70,-8.65
9-January-2020,471.00,474.05,455.30,459.85,462.669440001541633746,622716,10606,288111663.00,74929,12.03,18.75,-11.15
8-January-2020,435.40,460.40,435.40,458.95,450.514158019269133816,387978,5744,174789582.00,27077,6.98,25.00,23.55
7-January-2020,454.00,455.20,443.10,445.35,447.802214835105916300,102581,1895,45935999.00,14257,13.90,12.10,-8.65
6-January-2020,457.00,457.40,444.85,449.50,449.795384131830631763,200439,2943,90156537.00,32986,16.46,12.55,-7.50
3-January-2020,455.00,459.15,451.70,455.00,454.950434511462697089,147522,1942,67115198.00,15191,10.30,7.45,0.00
2-January-2020,454.00,459.35,453.65,455.00,455.558383436193509854,125575,1688,57206744.00,19141,15.24,5.70,1.00
1-January-2020,458.00,460.25,449.80,453.30,454.164298690230555306,178352,2266,81001111.00,18739,10.51,10.45,-4.70
31-December-2019,460.65,462.45,454.50,455.80,459.029666495051770493,174810,2535,80242976.00,23848,13.64,7.95,-4.85
